INSERT INTO estadios (nombre, capacidad, localidad) VALUES
('Estadio Lusail', 80000, 'Lusail'),
('Estadio Al Bayt', 60000, 'Al Khor'),
('Estadio Internacional Khalifa', 40000, 'Doha'),
('Estadio Al Thumama', 40000, 'Doha'),
('Estadio Ahmad Bin Ali', 40000, 'Al Rayyan'),
('Estadio Education City', 40000, 'Al Rayyan'),
('Estadio Al Janoub', 40000, 'Al Wakrah'),
('Estadio Ras Abu Aboud', 40000, 'Doha');

INSERT INTO equipos (nombre, participaciones_previas, mundiales_ganados, fecha_afiliacion) VALUES
('Argentina', 17, 2, '1912-01-01'),
('Brasil', 21, 5, '1923-01-01'),
('Francia', 15, 2, '1907-01-01'),
('Alemania', 19, 4, '1904-01-01'),
('España', 15, 1, '1904-01-01'),
('Italia', 18, 4, '1905-01-01'),
('Inglaterra', 15, 1, '1906-01-01'),
('Uruguay', 13, 2, '1923-01-01'),
('Países Bajos', 10, 0, '1904-01-01'),
('Bélgica', 13, 0, '1904-01-01'),
('Croacia', 5, 0, '1992-01-01'),
('Portugal', 7, 0, '1923-01-01'),
('Dinamarca', 5, 0, '1904-01-01'),
('Suiza', 11, 0, '1904-01-01'),
('Colombia', 6, 0, '1936-01-01'),
('México', 16, 0, '1929-01-01'),
('Estados Unidos', 10, 0, '1913-01-01'),
('Chile', 9, 0, '1913-01-01'),
('Suecia', 12, 0, '1904-01-01'),
('Polonia', 8, 0, '1923-01-01'),
('Serbia', 12, 0, '1923-01-01'),
('Rusia', 11, 0, '1912-01-01'),
('Corea del Sur', 10, 0, '1928-01-01'),
('Japón', 6, 0, '1929-01-01'),
('Australia', 5, 0, '1963-01-01'),
('Senegal', 2, 0, '1962-01-01'),
('Nigeria', 6, 0, '1959-01-01'),
('Ghana', 3, 0, '1958-01-01'),
('Marruecos', 5, 0, '1955-01-01'),
('Irán', 5, 0, '1948-01-01'),
('Arabia Saudita', 5, 0, '1956-01-01'),
('Egipto', 3, 0, '1923-01-01');

-- Argentina --
INSERT INTO jugadores (nombre_equipo, nombre, posicion, dorsal, pierna_habilidosa, fecha_nacimiento, pais_origen) VALUES 
('Argentina', 'Emiliano Martínez', 'GK', 1, 'R', '1992-09-02', 'Argentina'),
('Argentina', 'Juan Foyth', 'CB', 2, 'R', '1998-01-12', 'Argentina'),
('Argentina', 'Nicolás Tagliafico', 'LB', 3, 'L', '1992-08-31', 'Argentina'),
('Argentina', 'Gonzalo Montiel', 'RB', 4, 'R', '1997-01-01', 'Argentina'),
('Argentina', 'Leandro Paredes', 'DM', 5, 'R', '1994-06-29', 'Argentina'),
('Argentina', 'Germán Pezzella', 'CB', 6, 'R', '1991-06-27', 'Argentina'),
('Argentina', 'Rodrigo De Paul', 'CM', 7, 'R', '1994-05-24', 'Argentina'),
('Argentina', 'Marcos Acuña', 'LB', 8, 'L', '1991-10-28', 'Argentina'),
('Argentina', 'Paulo Dybala', 'SS', 9, 'L', '1993-11-15', 'Argentina'),
('Argentina', 'Lionel Messi', 'RW', 10, 'L', '1987-06-24', 'Argentina'),
('Argentina', 'Ángel Di María', 'LW', 11, 'L', '1988-02-14', 'Argentina'),
('Argentina', 'Julián Álvarez', 'CF', 12, 'R', '2000-01-31', 'Argentina'),
('Argentina', 'Guido Rodríguez', 'DM', 13, 'R', '1994-04-12', 'Argentina'),
('Argentina', 'Cristian Romero', 'CB', 14, 'R', '1998-04-27', 'Argentina'),
('Argentina', 'Ángel Correa', 'RW', 15, 'R', '1995-03-09', 'Argentina'),
('Argentina', 'Nicolás Otamendi', 'CB', 16, 'R', '1988-02-12', 'Argentina'),
('Argentina', 'Alejandro Gómez', 'AM', 17, 'R', '1988-02-15', 'Argentina'),
('Argentina', 'Giovani Lo Celso', 'CM', 18, 'L', '1996-04-09', 'Argentina'),
('Argentina', 'Emiliano Buendía', 'AM', 19, 'R', '1996-12-25', 'Argentina'),
('Argentina', 'Lucas Ocampos', 'LM', 20, 'R', '1994-07-11', 'Argentina'),
('Argentina', 'Exequiel Palacios', 'CM', 21, 'R', '1998-10-05', 'Argentina'),
('Argentina', 'Lisandro Martínez', 'CB', 22, 'L', '1998-01-18', 'Argentina'),
('Argentina', 'Nahuel Molina', 'RB', 23, 'R', '1998-04-06', 'Argentina'),
('Argentina', 'Esteban Andrada', 'GK', 24, 'R', '1991-01-26', 'Argentina'),
('Argentina', 'Agustín Marchesín', 'GK', 25, 'R', '1988-03-16', 'Argentina'),
('Argentina', 'Lucas Martínez Quarta', 'CB', 26, 'R', '1996-05-10', 'Argentina');


-- Brasil --
INSERT INTO jugadores (nombre_equipo, nombre, posicion, dorsal, pierna_habilidosa, fecha_nacimiento, pais_origen) VALUES 
('Brasil', 'Alisson Becker', 'GK', 1, 'R', '1992-10-02', 'Brasil'),
('Brasil', 'Thiago Silva', 'CB', 2, 'R', '1984-09-22', 'Brasil'),
('Brasil', 'Alex Sandro', 'LB', 3, 'L', '1991-01-26', 'Brasil'),
('Brasil', 'Danilo', 'RB', 4, 'R', '1991-07-15', 'Brasil'),
('Brasil', 'Casemiro', 'DM', 5, 'R', '1992-02-23', 'Brasil'),
('Brasil', 'Marquinhos', 'CB', 6, 'R', '1994-05-14', 'Brasil'),
('Brasil', 'Lucas Paquetá', 'CM', 7, 'L', '1997-08-27', 'Brasil'),
('Brasil', 'Renan Lodi', 'LB', 8, 'L', '1998-04-08', 'Brasil'),
('Brasil', 'Gabriel Jesus', 'CF', 9, 'R', '1997-04-03', 'Brasil'),
('Brasil', 'Neymar Jr', 'LW', 10, 'R', '1992-02-05', 'Brasil'),
('Brasil', 'Philippe Coutinho', 'AM', 11, 'R', '1992-06-12', 'Brasil'),
('Brasil', 'Roberto Firmino', 'CF', 12, 'R', '1991-10-02', 'Brasil'),
('Brasil', 'Fabinho', 'DM', 13, 'R', '1993-10-23', 'Brasil'),
('Brasil', 'Éder Militão', 'CB', 14, 'R', '1998-01-18', 'Brasil'),
('Brasil', 'Richarlison', 'CF', 15, 'R', '1997-05-10', 'Brasil'),
('Brasil', 'Fred', 'CM', 16, 'L', '1993-03-05', 'Brasil'),
('Brasil', 'Everton Ribeiro', 'AM', 17, 'R', '1989-04-10', 'Brasil'),
('Brasil', 'Antony', 'RW', 18, 'L', '2000-02-24', 'Brasil'),
('Brasil', 'Vinícius Jr', 'LW', 19, 'R', '2000-07-12', 'Brasil'),
('Brasil', 'Lucas Moura', 'RW', 20, 'R', '1992-08-13', 'Brasil'),
('Brasil', 'Raphinha', 'RW', 21, 'L', '1996-12-14', 'Brasil'),
('Brasil', 'Bruno Guimarães', 'CM', 22, 'R', '1997-11-16', 'Brasil'),
('Brasil', 'Emerson Royal', 'RB', 23, 'R', '1999-01-14', 'Brasil'),
('Brasil', 'Ederson', 'GK', 24, 'L', '1993-08-17', 'Brasil'),
('Brasil', 'Weverton', 'GK', 25, 'R', '1987-12-13', 'Brasil'),
('Brasil', 'Diego Carlos', 'CB', 26, 'R', '1993-03-15', 'Brasil');

-- Francia --
INSERT INTO jugadores (nombre_equipo, nombre, posicion, dorsal, pierna_habilidosa, fecha_nacimiento, pais_origen) VALUES 
('Francia', 'Hugo Lloris', 'GK', 1, 'R', '1986-12-26', 'Francia'),
('Francia', 'Benjamin Pavard', 'RB', 2, 'R', '1996-03-28', 'Francia'),
('Francia', 'Presnel Kimpembe', 'CB', 3, 'L', '1995-08-13', 'Francia'),
('Francia', 'Raphaël Varane', 'CB', 4, 'R', '1993-04-25', 'Francia'),
('Francia', 'Golo Kanté', 'DM', 5, 'R', '1991-03-29', 'Francia'),
('Francia', 'Paul Pogba', 'CM', 6, 'R', '1993-03-15', 'Francia'),
('Francia', 'Antoine Griezmann', 'SS', 7, 'L', '1991-03-21', 'Francia'),
('Francia', 'Thomas Lemar', 'LW', 8, 'L', '1995-11-12', 'Francia'),
('Francia', 'Olivier Giroud', 'CF', 9, 'L', '1986-09-30', 'Francia'),
('Francia', 'Kylian Mbappé', 'RW', 10, 'R', '1998-12-20', 'Francia'),
('Francia', 'Ousmane Dembélé', 'RW', 11, 'L', '1997-05-15', 'Francia'),
('Francia', 'Lucas Hernández', 'LB', 12, 'L', '1996-02-14', 'Francia'),
('Francia', 'Adrien Rabiot', 'CM', 13, 'L', '1995-04-03', 'Francia'),
('Francia', 'Kurt Zouma', 'CB', 14, 'R', '1994-10-27', 'Francia'),
('Francia', 'Kingsley Coman', 'LW', 15, 'R', '1996-06-13', 'Francia'),
('Francia', 'Ferland Mendy', 'LB', 16, 'R', '1995-06-08', 'Francia'),
('Francia', 'Aurélien Tchouaméni', 'DM', 17, 'R', '2000-01-27', 'Francia'),
('Francia', 'Anthony Martial', 'CF', 18, 'R', '1995-12-05', 'Francia'),
('Francia', 'Moussa Sissoko', 'CM', 19, 'R', '1989-08-16', 'Francia'),
('Francia', 'Clement Lenglet', 'CB', 20, 'L', '1995-06-17', 'Francia'),
('Francia', 'Alphonse Areola', 'GK', 21, 'R', '1993-02-27', 'Francia'),
('Francia', 'Steve Mandanda', 'GK', 22, 'R', '1985-03-28', 'Francia'),
('Francia', 'Jules Koundé', 'CB', 23, 'R', '1998-11-12', 'Francia'),
('Francia', 'Dayot Upamecano', 'CB', 24, 'R', '1998-10-27', 'Francia'),
('Francia', 'Eduardo Camavinga', 'CM', 25, 'L', '2002-11-10', 'Francia'),
('Francia', 'Nabil Fekir', 'AM', 26, 'L', '1993-07-18', 'Francia');

-- Alemania --
INSERT INTO jugadores (nombre_equipo, nombre, posicion, dorsal, pierna_habilidosa, fecha_nacimiento, pais_origen) VALUES 
('Alemania', 'Manuel Neuer', 'GK', 1, 'R', '1986-03-27', 'Alemania'),
('Alemania', 'Antonio Rüdiger', 'CB', 2, 'R', '1993-03-03', 'Alemania'),
('Alemania', 'Robin Gosens', 'LB', 3, 'L', '1994-07-05', 'Alemania'),
('Alemania', 'Matthias Ginter', 'CB', 4, 'R', '1994-01-19', 'Alemania'),
('Alemania', 'Joshua Kimmich', 'DM', 5, 'R', '1995-02-08', 'Alemania'),
('Alemania', 'Leon Goretzka', 'CM', 6, 'R', '1995-02-06', 'Alemania'),
('Alemania', 'Kai Havertz', 'AM', 7, 'L', '1999-06-11', 'Alemania'),
('Alemania', 'Jonas Hofmann', 'RW', 8, 'R', '1992-07-14', 'Alemania'),
('Alemania', 'Kevin Volland', 'CF', 9, 'L', '1992-07-30', 'Alemania'),
('Alemania', 'Leroy Sané', 'LW', 10, 'L', '1996-01-11', 'Alemania'),
('Alemania', 'Timo Werner', 'CF', 11, 'R', '1996-03-06', 'Alemania'),
('Alemania', 'Nico Schulz', 'LB', 12, 'L', '1993-04-01', 'Alemania'),
('Alemania', 'Jamal Musiala', 'AM', 13, 'R', '2003-02-26', 'Alemania'),
('Alemania', 'Niklas Süle', 'CB', 14, 'R', '1995-09-03', 'Alemania'),
('Alemania', 'Julian Draxler', 'AM', 15, 'R', '1993-09-20', 'Alemania'),
('Alemania', 'Marcel Halstenberg', 'LB', 16, 'L', '1991-09-27', 'Alemania'),
('Alemania', 'Florian Neuhaus', 'CM', 17, 'R', '1997-03-16', 'Alemania'),
('Alemania', 'Lukas Klostermann', 'RB', 18, 'R', '1996-06-03', 'Alemania'),
('Alemania', 'Emre Can', 'DM', 19, 'R', '1994-01-12', 'Alemania'),
('Alemania', 'Bernd Leno', 'GK', 20, 'R', '1992-03-04', 'Alemania'),
('Alemania', 'Marc-André ter Stegen', 'GK', 21, 'R', '1992-04-30', 'Alemania'),
('Alemania', 'Thilo Kehrer', 'CB', 22, 'R', '1996-09-21', 'Alemania'),
('Alemania', 'Ilkay Gündogan', 'CM', 23, 'R', '1990-10-24', 'Alemania'),
('Alemania', 'Julian Brandt', 'AM', 24, 'R', '1996-05-02', 'Alemania'),
('Alemania', 'Mats Hummels', 'CB', 25, 'R', '1988-12-16', 'Alemania'),
('Alemania', 'Mario Götze', 'AM', 26, 'R', '1992-06-03', 'Alemania');

-- España --
INSERT INTO jugadores (nombre_equipo, nombre, posicion, dorsal, pierna_habilidosa, fecha_nacimiento, pais_origen) VALUES 
('España', 'David de Gea', 'GK', 1, 'R', '1990-11-07', 'España'),
('España', 'Jordi Alba', 'LB', 2, 'L', '1989-03-21', 'España'),
('España', 'Sergio Ramos', 'CB', 3, 'R', '1986-03-30', 'España'),
('España', 'Dani Carvajal', 'RB', 4, 'R', '1992-01-11', 'España'),
('España', 'Sergio Busquets', 'DM', 5, 'R', '1988-07-16', 'España'),
('España', 'Koke', 'CM', 6, 'R', '1992-01-08', 'España'),
('España', 'Thiago Alcántara', 'CM', 7, 'R', '1991-04-11', 'España'),
('España', 'Marco Asensio', 'RW', 8, 'L', '1996-01-21', 'España'),
('España', 'Gerard Moreno', 'CF', 9, 'L', '1992-04-07', 'España'),
('España', 'Álvaro Morata', 'CF', 10, 'R', '1992-10-23', 'España'),
('España', 'Pablo Sarabia', 'AM', 11, 'L', '1992-05-11', 'España'),
('España', 'José Gayà', 'LB', 12, 'L', '1995-05-25', 'España'),
('España', 'Rodri', 'DM', 13, 'R', '1996-06-22', 'España'),
('España', 'Diego Llorente', 'CB', 14, 'L', '1993-08-16', 'España'),
('España', 'Dani Olmo', 'AM', 15, 'R', '1998-05-07', 'España'),
('España', 'Ferran Torres', 'RW', 16, 'R', '2000-02-29', 'España'),
('España', 'Pedri', 'AM', 17, 'L', '2002-11-25', 'España'),
('España', 'Eric García', 'CB', 18, 'R', '2001-01-09', 'España'),
('España', 'Marcos Llorente', 'CM', 19, 'R', '1995-01-30', 'España'),
('España', 'Unai Simón', 'GK', 20, 'R', '1997-06-11', 'España'),
('España', 'Robert Sánchez', 'GK', 21, 'R', '1998-11-07', 'España'),
('España', 'Mikel Oyarzabal', 'LW', 22, 'L', '1997-04-21', 'España'),
('España', 'Iñigo Martínez', 'CB', 23, 'L', '1991-05-17', 'España'),
('España', 'César Azpilicueta', 'RB', 24, 'R', '1989-08-28', 'España'),
('España', 'Fabián Ruiz', 'CM', 25, 'L', '1996-04-03', 'España'),
('España', 'Dani Ceballos', 'CM', 26, 'R', '1996-08-07', 'España');

-- Italia --
INSERT INTO jugadores (nombre_equipo, nombre, posicion, dorsal, pierna_habilidosa, fecha_nacimiento, pais_origen) VALUES 
('Italia', 'Gianluigi Donnarumma', 'GK', 1, 'R', '1999-02-25', 'Italia'),
('Italia', 'Leonardo Bonucci', 'CB', 2, 'R', '1987-05-01', 'Italia'),
('Italia', 'Giorgio Chiellini', 'CB', 3, 'L', '1984-08-14', 'Italia'),
('Italia', 'Alessandro Florenzi', 'RB', 4, 'R', '1991-03-11', 'Italia'),
('Italia', 'Jorginho', 'DM', 5, 'R', '1991-12-20', 'Italia'),
('Italia', 'Marco Verratti', 'CM', 6, 'R', '1992-11-05', 'Italia'),
('Italia', 'Lorenzo Insigne', 'LW', 7, 'L', '1991-06-04', 'Italia'),
('Italia', 'Federico Chiesa', 'RW', 8, 'R', '1997-10-25', 'Italia'),
('Italia', 'Ciro Immobile', 'CF', 9, 'R', '1990-02-20', 'Italia'),
('Italia', 'Andrea Belotti', 'CF', 10, 'R', '1993-12-20', 'Italia'),
('Italia', 'Nicolo Barella', 'CM', 11, 'R', '1997-02-07', 'Italia'),
('Italia', 'Giovanni Di Lorenzo', 'RB', 12, 'R', '1993-08-04', 'Italia'),
('Italia', 'Manuel Locatelli', 'CM', 13, 'R', '1998-01-08', 'Italia'),
('Italia', 'Giacomo Raspadori', 'CF', 14, 'R', '2000-02-18', 'Italia'),
('Italia', 'Matteo Pessina', 'AM', 15, 'R', '1997-04-21', 'Italia'),
('Italia', 'Francesco Acerbi', 'CB', 16, 'L', '1988-02-10', 'Italia'),
('Italia', 'Rafael Tolói', 'CB', 17, 'R', '1990-10-10', 'Italia'),
('Italia', 'Alessandro Bastoni', 'CB', 18, 'L', '1999-04-13', 'Italia'),
('Italia', 'Domenico Berardi', 'RW', 19, 'L', '1994-08-01', 'Italia'),
('Italia', 'Gianluca Mancini', 'CB', 20, 'R', '1996-04-17', 'Italia'),
('Italia', 'Bryan Cristante', 'CM', 21, 'R', '1995-03-03', 'Italia'),
('Italia', 'Lorenzo Pellegrini', 'CM', 22, 'R', '1996-06-19', 'Italia'),
('Italia', 'Emerson Palmieri', 'LB', 23, 'L', '1994-08-03', 'Italia'),
('Italia', 'Gianluigi Buffon', 'GK', 24, 'R', '1978-01-28', 'Italia'),
('Italia', 'Salvatore Sirigu', 'GK', 25, 'R', '1987-01-12', 'Italia'),
('Italia', 'Davide Calabria', 'RB', 26, 'R', '1996-12-06', 'Italia');


-- Inglaterra --
INSERT INTO jugadores (nombre_equipo, nombre, posicion, dorsal, pierna_habilidosa, fecha_nacimiento, pais_origen) VALUES 
('Inglaterra', 'Jordan Pickford', 'GK', 1, 'R', '1994-03-07', 'Inglaterra'),
('Inglaterra', 'Kyle Walker', 'RB', 2, 'R', '1990-05-28', 'Inglaterra'),
('Inglaterra', 'Harry Maguire', 'CB', 3, 'R', '1993-03-05', 'Inglaterra'),
('Inglaterra', 'John Stones', 'CB', 4, 'R', '1994-05-28', 'Inglaterra'),
('Inglaterra', 'Declan Rice', 'DM', 5, 'R', '1999-01-14', 'Inglaterra'),
('Inglaterra', 'Kalvin Phillips', 'DM', 6, 'R', '1995-12-02', 'Inglaterra'),
('Inglaterra', 'Jadon Sancho', 'RW', 7, 'L', '2000-03-25', 'Inglaterra'),
('Inglaterra', 'Raheem Sterling', 'LW', 8, 'R', '1994-12-08', 'Inglaterra'),
('Inglaterra', 'Harry Kane', 'CF', 9, 'R', '1993-07-28', 'Inglaterra'),
('Inglaterra', 'Phil Foden', 'AM', 10, 'L', '2000-05-28', 'Inglaterra'),
('Inglaterra', 'Mason Mount', 'AM', 11, 'R', '1999-01-10', 'Inglaterra'),
('Inglaterra', 'Ben Chilwell', 'LB', 12, 'L', '1996-12-21', 'Inglaterra'),
('Inglaterra', 'Luke Shaw', 'LB', 13, 'L', '1995-07-12', 'Inglaterra'),
('Inglaterra', 'Tyrone Mings', 'CB', 14, 'L', '1993-03-13', 'Inglaterra'),
('Inglaterra', 'Conor Coady', 'CB', 15, 'R', '1993-02-25', 'Inglaterra'),
('Inglaterra', 'Kieran Trippier', 'RB', 16, 'R', '1990-09-19', 'Inglaterra'),
('Inglaterra', 'Reece James', 'RB', 17, 'R', '1999-12-08', 'Inglaterra'),
('Inglaterra', 'Bukayo Saka', 'RW', 18, 'L', '2001-09-05', 'Inglaterra'),
('Inglaterra', 'Jack Grealish', 'AM', 19, 'R', '1995-09-10', 'Inglaterra'),
('Inglaterra', 'Jordan Henderson', 'CM', 20, 'R', '1990-06-17', 'Inglaterra'),
('Inglaterra', 'Jude Bellingham', 'CM', 21, 'R', '2003-06-29', 'Inglaterra'),
('Inglaterra', 'Mason Greenwood', 'CF', 22, 'R', '2001-10-01', 'Inglaterra'),
('Inglaterra', 'Dean Henderson', 'GK', 23, 'R', '1997-03-12', 'Inglaterra'),
('Inglaterra', 'Sam Johnstone', 'GK', 24, 'R', '1993-03-25', 'Inglaterra'),
('Inglaterra', 'Aaron Wan-Bissaka', 'RB', 25, 'R', '1997-11-26', 'Inglaterra'),
('Inglaterra', 'Eric Dier', 'CB', 26, 'R', '1994-01-15', 'Inglaterra');

-- Uruguay --
INSERT INTO jugadores (nombre_equipo, nombre, posicion, dorsal, pierna_habilidosa, fecha_nacimiento, pais_origen) VALUES 
('Uruguay', 'Fernando Muslera', 'GK', 1, 'R', '1986-06-16', 'Uruguay'),
('Uruguay', 'Martín Campaña', 'GK', 2, 'R', '1989-05-29', 'Uruguay'),
('Uruguay', 'José María Giménez', 'CB', 3, 'R', '1995-01-20', 'Uruguay'),
('Uruguay', 'Diego Godín', 'CB', 4, 'R', '1986-02-16', 'Uruguay'),
('Uruguay', 'Giovanni González', 'RB', 5, 'R', '1994-02-19', 'Uruguay'),
('Uruguay', 'Matías Vecino', 'CM', 6, 'R', '1991-08-24', 'Uruguay'),
('Uruguay', 'Rodrigo Bentancur', 'CM', 7, 'R', '1997-06-25', 'Uruguay'),
('Uruguay', 'Nahitan Nández', 'CM', 8, 'R', '1995-12-28', 'Uruguay'),
('Uruguay', 'Edinson Cavani', 'CF', 9, 'R', '1987-02-14', 'Uruguay'),
('Uruguay', 'Luis Suárez', 'CF', 10, 'R', '1987-01-24', 'Uruguay'),
('Uruguay', 'Maximiliano Gómez', 'CF', 11, 'R', '1996-08-14', 'Uruguay'),
('Uruguay', 'Gastón Pereiro', 'AM', 12, 'L', '1995-06-11', 'Uruguay'),
('Uruguay', 'Giorgian De Arrascaeta', 'AM', 13, 'L', '1994-06-01', 'Uruguay'),
('Uruguay', 'Lucas Torreira', 'DM', 14, 'R', '1996-02-11', 'Uruguay'),
('Uruguay', 'Nicolás De La Cruz', 'AM', 15, 'R', '1997-05-01', 'Uruguay'),
('Uruguay', 'Martín Cáceres', 'CB', 16, 'R', '1987-04-07', 'Uruguay'),
('Uruguay', 'Sebastián Coates', 'CB', 17, 'R', '1990-10-07', 'Uruguay'),
('Uruguay', 'Gastón Silva', 'LB', 18, 'L', '1994-03-05', 'Uruguay'),
('Uruguay', 'Jonathan Rodríguez', 'CF', 19, 'L', '1993-07-06', 'Uruguay'),
('Uruguay', 'Darwin Núñez', 'CF', 20, 'R', '1999-06-24', 'Uruguay'),
('Uruguay', 'Santiago Rodríguez', 'AM', 21, 'L', '2000-10-24', 'Uruguay'),
('Uruguay', 'Agustín Oliveros', 'LB', 22, 'L', '1999-06-01', 'Uruguay'),
('Uruguay', 'Martín Silva', 'GK', 23, 'R', '1983-03-25', 'Uruguay'),
('Uruguay', 'Lucas Paquetá', 'AM', 24, 'L', '1997-08-27', 'Uruguay'),
('Uruguay', 'Matías Viña', 'LB', 25, 'L', '1997-08-17', 'Uruguay'),
('Uruguay', 'Brian Rodríguez', 'RW', 26, 'L', '2000-12-20', 'Uruguay');

-- Países Bajos --
INSERT INTO jugadores (nombre_equipo, nombre, posicion, dorsal, pierna_habilidosa, fecha_nacimiento, pais_origen) VALUES 
('Países Bajos', 'Maarten Stekelenburg', 'GK', 1, 'R', '1982-09-22', 'Países Bajos'),
('Países Bajos', 'Tim Krul', 'GK', 2, 'R', '1988-04-03', 'Países Bajos'),
('Países Bajos', 'Matthijs de Ligt', 'CB', 3, 'R', '1999-08-12', 'Países Bajos'),
('Países Bajos', 'Stefan de Vrij', 'CB', 4, 'R', '1992-02-05', 'Países Bajos'),
('Países Bajos', 'Denzel Dumfries', 'RB', 5, 'R', '1996-04-18', 'Países Bajos'),
('Países Bajos', 'Nathan Aké', 'CB', 6, 'L', '1995-02-18', 'Países Bajos'),
('Países Bajos', 'Frenkie de Jong', 'CM', 7, 'R', '1997-05-12', 'Países Bajos'),
('Países Bajos', 'Davy Klaassen', 'CM', 8, 'R', '1993-02-21', 'Países Bajos'),
('Países Bajos', 'Georginio Wijnaldum', 'CM', 9, 'R', '1990-11-11', 'Países Bajos'),
('Países Bajos', 'Memphis Depay', 'CF', 10, 'R', '1994-02-13', 'Países Bajos'),
('Países Bajos', 'Steven Berghuis', 'RW', 11, 'R', '1991-12-19', 'Países Bajos'),
('Países Bajos', 'Quincy Promes', 'LW', 12, 'R', '1992-01-04', 'Países Bajos'),
('Países Bajos', 'Daley Blind', 'LB', 13, 'L', '1990-03-09', 'Países Bajos'),
('Países Bajos', 'Patrick van Aanholt', 'LB', 14, 'L', '1990-08-29', 'Países Bajos'),
('Países Bajos', 'Ryan Gravenberch', 'CM', 15, 'R', '2002-05-16', 'Países Bajos'),
('Países Bajos', 'Jurriën Timber', 'CB', 16, 'R', '2001-06-17', 'Países Bajos'),
('Países Bajos', 'Joël Veltman', 'RB', 17, 'R', '1992-01-15', 'Países Bajos'),
('Países Bajos', 'Timothy Fosu-Mensah', 'CB', 18, 'R', '1998-01-02', 'Países Bajos'),
('Países Bajos', 'Wout Weghorst', 'CF', 19, 'R', '1992-08-07', 'Países Bajos'),
('Países Bajos', 'Luuk de Jong', 'CF', 20, 'R', '1990-08-27', 'Países Bajos'),
('Países Bajos', 'Ryan Babel', 'LW', 21, 'L', '1986-12-19', 'Países Bajos'),
('Países Bajos', 'Marten de Roon', 'DM', 22, 'R', '1991-03-29', 'Países Bajos'),
('Países Bajos', 'Donyell Malen', 'CF', 23, 'R', '1999-01-19', 'Países Bajos'),
('Países Bajos', 'Steven Bergwijn', 'RW', 24, 'L', '1997-10-08', 'Países Bajos'),
('Países Bajos', 'Calvin Stengs', 'RW', 25, 'L', '1998-12-18', 'Países Bajos'),
('Países Bajos', 'Teun Koopmeiners', 'CM', 26, 'L', '1998-02-28', 'Países Bajos');

-- Bélgica --
INSERT INTO jugadores (nombre_equipo, nombre, posicion, dorsal, pierna_habilidosa, fecha_nacimiento, pais_origen) VALUES 
('Bélgica', 'Thibaut Courtois', 'GK', 1, 'L', '1992-05-11', 'Bélgica'),
('Bélgica', 'Simon Mignolet', 'GK', 2, 'R', '1988-03-06', 'Bélgica'),
('Bélgica', 'Toby Alderweireld', 'CB', 3, 'R', '1989-03-02', 'Bélgica'),
('Bélgica', 'Thomas Vermaelen', 'CB', 4, 'L', '1985-11-14', 'Bélgica'),
('Bélgica', 'Jan Vertonghen', 'CB', 5, 'L', '1987-04-24', 'Bélgica'),
('Bélgica', 'Dedryck Boyata', 'CB', 6, 'R', '1990-11-28', 'Bélgica'),
('Bélgica', 'Axel Witsel', 'DM', 7, 'R', '1989-01-12', 'Bélgica'),
('Bélgica', 'Kevin De Bruyne', 'CM', 8, 'R', '1991-06-28', 'Bélgica'),
('Bélgica', 'Thorgan Hazard', 'LW', 9, 'R', '1993-03-29', 'Bélgica'),
('Bélgica', 'Romelu Lukaku', 'CF', 10, 'R', '1993-05-13', 'Bélgica'),
('Bélgica', 'Eden Hazard', 'LW', 11, 'R', '1991-01-07', 'Bélgica'),
('Bélgica', 'Yannick Carrasco', 'LW', 12, 'L', '1993-09-04', 'Bélgica'),
('Bélgica', 'Youri Tielemans', 'CM', 13, 'R', '1997-05-07', 'Bélgica'),
('Bélgica', 'Dries Mertens', 'CF', 14, 'R', '1987-05-06', 'Bélgica'),
('Bélgica', 'Leander Dendoncker', 'DM', 15, 'R', '1995-04-15', 'Bélgica'),
('Bélgica', 'Timothy Castagne', 'RB', 16, 'R', '1995-12-05', 'Bélgica'),
('Bélgica', 'Thomas Meunier', 'RB', 17, 'R', '1991-09-12', 'Bélgica'),
('Bélgica', 'Jason Denayer', 'CB', 18, 'R', '1995-06-28', 'Bélgica'),
('Bélgica', 'Brandon Mechele', 'CB', 19, 'R', '1993-01-28', 'Bélgica'),
('Bélgica', 'Thomas Foket', 'RB', 20, 'R', '1994-09-25', 'Bélgica'),
('Bélgica', 'Hans Vanaken', 'AM', 21, 'R', '1992-08-24', 'Bélgica'),
('Bélgica', 'Dennis Praet', 'CM', 22, 'R', '1994-05-14', 'Bélgica'),
('Bélgica', 'Adnan Januzaj', 'RW', 23, 'L', '1995-02-05', 'Bélgica'),
('Bélgica', 'Charles De Ketelaere', 'AM', 24, 'L', '2001-03-17', 'Bélgica'),
('Bélgica', 'Michy Batshuayi', 'CF', 25, 'R', '1993-10-02', 'Bélgica'),
('Bélgica', 'Christian Benteke', 'CF', 26, 'R', '1990-12-03', 'Bélgica');


-- Croacia --
INSERT INTO jugadores (nombre_equipo, nombre, posicion, dorsal, pierna_habilidosa, fecha_nacimiento, pais_origen) VALUES 
('Croacia', 'Dominik Livaković', 'GK', 1, 'R', '1995-01-09', 'Croacia'),
('Croacia', 'Lovre Kalinić', 'GK', 2, 'R', '1990-04-03', 'Croacia'),
('Croacia', 'Šime Vrsaljko', 'RB', 3, 'R', '1992-01-10', 'Croacia'),
('Croacia', 'Dejan Lovren', 'CB', 4, 'R', '1989-07-05', 'Croacia'),
('Croacia', 'Josko Gvardiol', 'CB', 5, 'L', '2002-01-23', 'Croacia'),
('Croacia', 'Borna Barišić', 'LB', 6, 'L', '1992-11-10', 'Croacia'),
('Croacia', 'Marcelo Brozović', 'CM', 7, 'R', '1992-11-16', 'Croacia'),
('Croacia', 'Luka Modrić', 'CM', 8, 'R', '1985-09-09', 'Croacia'),
('Croacia', 'Mateo Kovačić', 'CM', 9, 'R', '1994-05-06', 'Croacia'),
('Croacia', 'Ante Rebić', 'CF', 10, 'R', '1993-09-21', 'Croacia'),
('Croacia', 'Andrej Kramarić', 'CF', 11, 'R', '1991-06-19', 'Croacia'),
('Croacia', 'Josip Brekalo', 'LW', 12, 'L', '1998-06-23', 'Croacia'),
('Croacia', 'Mario Pašalić', 'CM', 13, 'R', '1995-02-09', 'Croacia'),
('Croacia', 'Nikola Vlašić', 'AM', 14, 'L', '1997-10-04', 'Croacia'),
('Croacia', 'Duje Ćaleta-Car', 'CB', 15, 'R', '1996-09-17', 'Croacia'),
('Croacia', 'Milan Badelj', 'DM', 16, 'R', '1989-02-25', 'Croacia'),
('Croacia', 'Mile Škorić', 'CB', 17, 'R', '1995-01-02', 'Croacia'),
('Croacia', 'Filip Uremović', 'CB', 18, 'R', '1997-07-10', 'Croacia'),
('Croacia', 'Josip Juranović', 'RB', 19, 'R', '1995-08-11', 'Croacia'),
('Croacia', 'Domagoj Bradarić', 'LB', 20, 'L', '1999-12-10', 'Croacia'),
('Croacia', 'Petar Stojanović', 'RB', 21, 'R', '1990-01-27', 'Croacia'),
('Croacia', 'Ivan Perišić', 'LW', 22, 'L', '1989-02-02', 'Croacia'),
('Croacia', 'Luka Ivanušec', 'AM', 23, 'L', '1998-03-15', 'Croacia'),
('Croacia', 'Antonio Čolak', 'CF', 24, 'R', '1993-04-17', 'Croacia'),
('Croacia', 'Bruno Petković', 'CF', 25, 'R', '1994-09-16', 'Croacia'),
('Croacia', 'Mislav Oršić', 'LW', 26, 'L', '1992-12-29', 'Croacia');

-- Portugal --
INSERT INTO jugadores (nombre_equipo, nombre, posicion, dorsal, pierna_habilidosa, fecha_nacimiento, pais_origen) VALUES 
('Portugal', 'Rui Patrício', 'GK', 1, 'R', '1988-02-15', 'Portugal'),
('Portugal', 'Anthony Lopes', 'GK', 2, 'R', '1990-10-01', 'Portugal'),
('Portugal', 'Nélson Semedo', 'RB', 3, 'R', '1993-11-16', 'Portugal'),
('Portugal', 'José Fonte', 'CB', 4, 'R', '1983-12-22', 'Portugal'),
('Portugal', 'Rúben Dias', 'CB', 5, 'R', '1997-05-14', 'Portugal'),
('Portugal', 'Raphaël Guerreiro', 'LB', 6, 'L', '1993-12-22', 'Portugal'),
('Portugal', 'Danilo Pereira', 'DM', 7, 'R', '1991-09-09', 'Portugal'),
('Portugal', 'João Moutinho', 'CM', 8, 'R', '1986-09-08', 'Portugal'),
('Portugal', 'Bruno Fernandes', 'AM', 9, 'R', '1994-09-08', 'Portugal'),
('Portugal', 'Bernardo Silva', 'AM', 10, 'R', '1994-08-10', 'Portugal'),
('Portugal', 'Cristiano Ronaldo', 'CF', 11, 'R', '1985-02-05', 'Portugal'),
('Portugal', 'André Silva', 'CF', 12, 'R', '1995-11-06', 'Portugal'),
('Portugal', 'Diogo Jota', 'CF', 13, 'L', '1996-12-04', 'Portugal'),
('Portugal', 'Renato Sanches', 'CM', 14, 'R', '1997-08-18', 'Portugal'),
('Portugal', 'João Cancelo', 'RB', 15, 'R', '1994-05-27', 'Portugal'),
('Portugal', 'Nuno Mendes', 'LB', 16, 'L', '2002-06-19', 'Portugal'),
('Portugal', 'Pepe', 'CB', 17, 'R', '1983-02-26', 'Portugal'),
('Portugal', 'José Sá', 'GK', 18, 'R', '1993-01-17', 'Portugal'),
('Portugal', 'Sérgio Oliveira', 'CM', 19, 'R', '1992-06-02', 'Portugal'),
('Portugal', 'Pedro Gonçalves', 'AM', 20, 'R', '1998-06-28', 'Portugal'),
('Portugal', 'Gonçalo Guedes', 'LW', 21, 'L', '1996-11-29', 'Portugal'),
('Portugal', 'Rafa Silva', 'RW', 22, 'R', '1993-05-17', 'Portugal'),
('Portugal', 'Paulinho', 'CF', 23, 'R', '1993-09-15', 'Portugal'),
('Portugal', 'Daniel Podence', 'LW', 24, 'R', '1995-10-21', 'Portugal'),
('Portugal', 'Diogo Dalot', 'RB', 25, 'R', '1999-03-18', 'Portugal'),
('Portugal', 'Miguel Luís', 'CM', 26, 'R', '1999-01-27', 'Portugal');

-- Dinamarca --
INSERT INTO jugadores (nombre_equipo, nombre, posicion, dorsal, pierna_habilidosa, fecha_nacimiento, pais_origen) VALUES 
('Dinamarca', 'Kasper Schmeichel', 'GK', 1, 'R', '1986-11-05', 'Dinamarca'),
('Dinamarca', 'Frederik Rønnow', 'GK', 2, 'R', '1992-08-04', 'Dinamarca'),
('Dinamarca', 'Andreas Christensen', 'CB', 3, 'R', '1996-04-10', 'Dinamarca'),
('Dinamarca', 'Jannik Vestergaard', 'CB', 4, 'R', '1992-08-03', 'Dinamarca'),
('Dinamarca', 'Simon Kjær', 'CB', 5, 'R', '1989-03-26', 'Dinamarca'),
('Dinamarca', 'Joachim Andersen', 'CB', 6, 'R', '1996-05-31', 'Dinamarca'),
('Dinamarca', 'Thomas Delaney', 'CM', 7, 'L', '1991-09-03', 'Dinamarca'),
('Dinamarca', 'Christian Eriksen', 'AM', 8, 'L', '1992-02-14', 'Dinamarca'),
('Dinamarca', 'Pierre-Emile Højbjerg', 'CM', 9, 'R', '1995-08-05', 'Dinamarca'),
('Dinamarca', 'Yussuf Poulsen', 'CF', 10, 'R', '1994-06-15', 'Dinamarca'),
('Dinamarca', 'Martin Braithwaite', 'CF', 11, 'R', '1991-06-05', 'Dinamarca'),
('Dinamarca', 'Andreas Skov Olsen', 'LW', 12, 'L', '1999-12-29', 'Dinamarca'),
('Dinamarca', 'Daniel Wass', 'RW', 13, 'R', '1989-05-31', 'Dinamarca'),
('Dinamarca', 'Kasper Dolberg', 'CF', 14, 'R', '1997-10-06', 'Dinamarca'),
('Dinamarca', 'Mikkel Damsgaard', 'LW', 15, 'L', '2000-07-03', 'Dinamarca'),
('Dinamarca', 'Mathias Jensen', 'CM', 16, 'R', '1996-01-01', 'Dinamarca'),
('Dinamarca', 'Christian Nørgaard', 'CM', 17, 'R', '1994-05-10', 'Dinamarca'),
('Dinamarca', 'Robert Skov', 'RW', 18, 'L', '1996-05-20', 'Dinamarca'),
('Dinamarca', 'Anders Christiansen', 'AM', 19, 'R', '1990-06-08', 'Dinamarca'),
('Dinamarca', 'Jens Stryger Larsen', 'RB', 20, 'R', '1991-02-21', 'Dinamarca'),
('Dinamarca', 'Jonas Wind', 'CF', 21, 'R', '1999-08-07', 'Dinamarca'),
('Dinamarca', 'Jacob Bruun Larsen', 'LW', 22, 'R', '1998-09-19', 'Dinamarca'),
('Dinamarca', 'Christian Gytkjær', 'CF', 23, 'R', '1990-05-06', 'Dinamarca'),
('Dinamarca', 'Andreas Cornelius', 'CF', 24, 'R', '1993-03-16', 'Dinamarca'),
('Dinamarca', 'Nicolai Boilesen', 'LB', 25, 'L', '1992-02-16', 'Dinamarca'),
('Dinamarca', 'Henrik Dalsgaard', 'RB', 26, 'R', '1989-07-27', 'Dinamarca');

-- Suiza --
INSERT INTO jugadores (nombre_equipo, nombre, posicion, dorsal, pierna_habilidosa, fecha_nacimiento, pais_origen) VALUES 
('Suiza', 'Yann Sommer', 'GK', 1, 'R', '1988-12-17', 'Suiza'),
('Suiza', 'Gregor Kobel', 'GK', 2, 'R', '1997-12-06', 'Suiza'),
('Suiza', 'Manuel Akanji', 'CB', 3, 'R', '1995-07-19', 'Suiza'),
('Suiza', 'Nico Elvedi', 'CB', 4, 'R', '1996-09-30', 'Suiza'),
('Suiza', 'Ricardo Rodríguez', 'LB', 5, 'L', '1992-08-25', 'Suiza'),
('Suiza', 'Kevin Mbabu', 'RB', 6, 'R', '1995-04-19', 'Suiza'),
('Suiza', 'Granit Xhaka', 'CM', 7, 'L', '1992-09-27', 'Suiza'),
('Suiza', 'Denis Zakaria', 'DM', 8, 'R', '1996-11-20', 'Suiza'),
('Suiza', 'Breel Embolo', 'CF', 9, 'R', '1997-02-14', 'Suiza'),
('Suiza', 'Haris Seferović', 'CF', 10, 'R', '1992-02-22', 'Suiza'),
('Suiza', 'Xherdan Shaqiri', 'AM', 11, 'L', '1991-10-10', 'Suiza'),
('Suiza', 'Steven Zuber', 'LM', 12, 'L', '1991-08-17', 'Suiza'),
('Suiza', 'Djibril Sow', 'CM', 13, 'R', '1997-02-06', 'Suiza'),
('Suiza', 'Edimilson Fernandes', 'CM', 14, 'R', '1996-04-15', 'Suiza'),
('Suiza', 'Silvan Widmer', 'RB', 15, 'R', '1993-03-05', 'Suiza'),
('Suiza', 'Fabian Schär', 'CB', 16, 'R', '1991-12-20', 'Suiza'),
('Suiza', 'Loris Benito', 'LB', 17, 'L', '1992-01-07', 'Suiza'),
('Suiza', 'Ruben Vargas', 'RW', 18, 'L', '1998-08-05', 'Suiza'),
('Suiza', 'Michel Aebischer', 'CM', 19, 'R', '1997-01-27', 'Suiza'),
('Suiza', 'Christian Fassnacht', 'RM', 20, 'R', '1993-04-11', 'Suiza'),
('Suiza', 'Admir Mehmedi', 'CF', 21, 'R', '1991-03-16', 'Suiza'),
('Suiza', 'Léo Lacroix', 'CB', 22, 'R', '1992-02-27', 'Suiza'),
('Suiza', 'Mario Gavranović', 'CF', 23, 'R', '1989-11-24', 'Suiza'),
('Suiza', 'Jonas Omlin', 'GK', 24, 'R', '1994-01-10', 'Suiza'),
('Suiza', 'Dimitri Oberlin', 'CF', 25, 'R', '1997-09-27', 'Suiza'),
('Suiza', 'Djibril Sow', 'CM', 26, 'R', '1997-02-06', 'Suiza');

-- Colombia --
INSERT INTO jugadores (nombre_equipo, nombre, posicion, dorsal, pierna_habilidosa, fecha_nacimiento, pais_origen) VALUES 
('Colombia', 'David Ospina', 'GK', 1, 'R', '1988-08-31', 'Colombia'),
('Colombia', 'Álvaro Montero', 'GK', 2, 'R', '1995-04-23', 'Colombia'),
('Colombia', 'Davinson Sánchez', 'CB', 3, 'R', '1996-06-12', 'Colombia'),
('Colombia', 'Yerry Mina', 'CB', 4, 'R', '1994-09-23', 'Colombia'),
('Colombia', 'William Tesillo', 'CB', 5, 'L', '1989-02-02', 'Colombia'),
('Colombia', 'Johan Mojica', 'LB', 6, 'L', '1992-08-21', 'Colombia'),
('Colombia', 'Wilmar Barrios', 'DM', 7, 'R', '1993-10-16', 'Colombia'),
('Colombia', 'Juan Cuadrado', 'RM', 8, 'R', '1988-05-26', 'Colombia'),
('Colombia', 'James Rodríguez', 'AM', 9, 'L', '1991-07-12', 'Colombia'),
('Colombia', 'Radamel Falcao', 'CF', 10, 'R', '1986-02-10', 'Colombia'),
('Colombia', 'Duván Zapata', 'CF', 11, 'R', '1991-04-01', 'Colombia'),
('Colombia', 'Luis Díaz', 'LW', 12, 'L', '1996-01-13', 'Colombia'),
('Colombia', 'Miguel Borja', 'CF', 13, 'R', '1993-01-26', 'Colombia'),
('Colombia', 'Jefferson Lerma', 'CM', 14, 'R', '1994-10-25', 'Colombia'),
('Colombia', 'Mateus Uribe', 'CM', 15, 'R', '1991-03-21', 'Colombia'),
('Colombia', 'Stefan Medina', 'RB', 16, 'R', '1992-06-14', 'Colombia'),
('Colombia', 'Daniel Muñoz', 'RB', 17, 'R', '1996-12-21', 'Colombia'),
('Colombia', 'Frank Fabra', 'LB', 18, 'L', '1991-02-22', 'Colombia'),
('Colombia', 'Carlos Cuesta', 'CB', 19, 'R', '1999-05-05', 'Colombia'),
('Colombia', 'Jorman Campuzano', 'DM', 20, 'R', '1996-04-16', 'Colombia'),
('Colombia', 'Yairo Moreno', 'LB', 21, 'L', '1995-04-19', 'Colombia'),
('Colombia', 'Edwin Cardona', 'AM', 22, 'L', '1992-12-08', 'Colombia'),
('Colombia', 'Matheus Uribe', 'CM', 23, 'R', '1991-03-21', 'Colombia'),
('Colombia', 'Alfredo Morelos', 'CF', 24, 'R', '1996-06-21', 'Colombia'),
('Colombia', 'Camilo Vargas', 'GK', 25, 'R', '1989-03-09', 'Colombia'),
('Colombia', 'Óscar Murillo', 'CB', 26, 'R', '1988-04-18', 'Colombia');

-- México --
INSERT INTO jugadores (nombre_equipo, nombre, posicion, dorsal, pierna_habilidosa, fecha_nacimiento, pais_origen) VALUES 
('México', 'Guillermo Ochoa', 'GK', 1, 'R', '1985-07-13', 'México'),
('México', 'Alfredo Talavera', 'GK', 2, 'R', '1982-09-18', 'México'),
('México', 'Héctor Moreno', 'CB', 3, 'L', '1988-01-17', 'México'),
('México', 'Néstor Araujo', 'CB', 4, 'R', '1991-08-29', 'México'),
('México', 'Carlos Salcedo', 'CB', 5, 'R', '1993-09-29', 'México'),
('México', 'Jesús Gallardo', 'LB', 6, 'L', '1994-08-15', 'México'),
('México', 'Edson Álvarez', 'CB', 7, 'R', '1997-10-24', 'México'),
('México', 'Andrés Guardado', 'CM', 8, 'L', '1986-09-28', 'México'),
('México', 'Héctor Herrera', 'CM', 9, 'R', '1990-04-19', 'México'),
('México', 'Jonathan dos Santos', 'CM', 10, 'R', '1990-04-26', 'México'),
('México', 'Carlos Vela', 'RW', 11, 'L', '1989-03-01', 'México'),
('México', 'Javier Hernández', 'CF', 12, 'R', '1988-06-01', 'México'),
('México', 'Raúl Jiménez', 'CF', 13, 'R', '1991-05-05', 'México'),
('México', 'Hirving Lozano', 'LW', 14, 'R', '1995-07-30', 'México'),
('México', 'Diego Lainez', 'AM', 15, 'L', '2000-06-09', 'México'),
('México', 'Jesús Corona', 'RW', 16, 'L', '1993-01-06', 'México'),
('México', 'Jorge Sánchez', 'RB', 17, 'R', '1997-10-10', 'México'),
('México', 'César Montes', 'CB', 18, 'R', '1997-02-24', 'México'),
('México', 'Orbelín Pineda', 'CM', 19, 'R', '1996-03-24', 'México'),
('México', 'Rodolfo Pizarro', 'AM', 20, 'L', '1994-02-15', 'México'),
('México', 'Gerardo Arteaga', 'LB', 21, 'L', '1998-09-24', 'México'),
('México', 'Erick Gutiérrez', 'CM', 22, 'L', '1995-06-15', 'México'),
('México', 'José Juan Macías', 'CF', 23, 'R', '1999-09-22', 'México'),
('México', 'Sebastián Córdova', 'AM', 24, 'R', '1997-06-19', 'México'),
('México', 'Alexis Vega', 'CF', 25, 'R', '1997-11-25', 'México'),
('México', 'Luis Romo', 'CM', 26, 'R', '1995-09-25', 'México');

-- Estados Unidos --
INSERT INTO jugadores (nombre_equipo, nombre, posicion, dorsal, pierna_habilidosa, fecha_nacimiento, pais_origen) VALUES 
('Estados Unidos', 'Zack Steffen', 'GK', 1, 'R', '1995-04-02', 'Estados Unidos'),
('Estados Unidos', 'Ethan Horvath', 'GK', 2, 'R', '1995-06-09', 'Estados Unidos'),
('Estados Unidos', 'Matt Turner', 'GK', 3, 'R', '1994-06-24', 'Estados Unidos'),
('Estados Unidos', 'John Brooks', 'CB', 4, 'L', '1993-01-28', 'Estados Unidos'),
('Estados Unidos', 'Aaron Long', 'CB', 5, 'R', '1992-10-12', 'Estados Unidos'),
('Estados Unidos', 'Tim Ream', 'CB', 6, 'L', '1987-10-05', 'Estados Unidos'),
('Estados Unidos', 'Sergiño Dest', 'RB', 7, 'R', '2000-11-03', 'Estados Unidos'),
('Estados Unidos', 'Antonee Robinson', 'LB', 8, 'L', '1997-08-08', 'Estados Unidos'),
('Estados Unidos', 'Weston McKennie', 'CM', 9, 'R', '1998-08-28', 'Estados Unidos'),
('Estados Unidos', 'Tyler Adams', 'CM', 10, 'R', '1999-02-14', 'Estados Unidos'),
('Estados Unidos', 'Christian Pulisic', 'AM', 11, 'L', '1998-09-18', 'Estados Unidos'),
('Estados Unidos', 'Giovanni Reyna', 'AM', 12, 'L', '2002-11-13', 'Estados Unidos'),
('Estados Unidos', 'Jordan Morris', 'LW', 13, 'R', '1994-10-26', 'Estados Unidos'),
('Estados Unidos', 'Josh Sargent', 'CF', 14, 'R', '2000-02-20', 'Estados Unidos'),
('Estados Unidos', 'Paul Arriola', 'RW', 15, 'R', '1995-02-05', 'Estados Unidos'),
('Estados Unidos', 'Chris Richards', 'CB', 16, 'R', '2000-03-28', 'Estados Unidos'),
('Estados Unidos', 'Reggie Cannon', 'RB', 17, 'R', '1998-06-11', 'Estados Unidos'),
('Estados Unidos', 'DeAndre Yedlin', 'RB', 18, 'R', '1993-07-09', 'Estados Unidos'),
('Estados Unidos', 'Timothy Weah', 'CF', 19, 'R', '2000-02-22', 'Estados Unidos'),
('Estados Unidos', 'Matt Miazga', 'CB', 20, 'R', '1995-07-19', 'Estados Unidos'),
('Estados Unidos', 'Mark McKenzie', 'CB', 21, 'R', '1999-02-25', 'Estados Unidos'),
('Estados Unidos', 'Kellyn Acosta', 'CM', 22, 'R', '1995-07-24', 'Estados Unidos'),
('Estados Unidos', 'Jackson Yueill', 'CM', 23, 'R', '1997-03-19', 'Estados Unidos'),
('Estados Unidos', 'Brenden Aaronson', 'AM', 24, 'L', '2000-10-22', 'Estados Unidos'),
('Estados Unidos', 'Walker Zimmerman', 'CB', 25, 'R', '1993-05-19', 'Estados Unidos'),
('Estados Unidos', 'Sebastian Lletget', 'CM', 26, 'R', '1992-09-03', 'Estados Unidos');

-- Chile --
INSERT INTO jugadores (nombre_equipo, nombre, posicion, dorsal, pierna_habilidosa, fecha_nacimiento, pais_origen) VALUES 
('Chile', 'Claudio Bravo', 'GK', 1, 'R', '1983-04-13', 'Chile'),
('Chile', 'Gabriel Arias', 'GK', 2, 'R', '1987-09-21', 'Chile'),
('Chile', 'Johnny Herrera', 'GK', 3, 'R', '1981-05-09', 'Chile'),
('Chile', 'Gary Medel', 'CB', 4, 'R', '1987-08-03', 'Chile'),
('Chile', 'Guillermo Maripán', 'CB', 5, 'R', '1993-05-06', 'Chile'),
('Chile', 'Mauricio Isla', 'RB', 6, 'R', '1988-06-12', 'Chile'),
('Chile', 'Eugenio Mena', 'LB', 7, 'L', '1988-07-18', 'Chile'),
('Chile', 'Arturo Vidal', 'CM', 8, 'R', '1987-05-22', 'Chile'),
('Chile', 'Charles Aránguiz', 'CM', 9, 'R', '1989-04-17', 'Chile'),
('Chile', 'Jean Beausejour', 'LB', 10, 'L', '1984-06-01', 'Chile'),
('Chile', 'Pablo Aránguiz', 'AM', 11, 'L', '1997-05-04', 'Chile'),
('Chile', 'Alexis Sánchez', 'CF', 12, 'R', '1988-12-19', 'Chile'),
('Chile', 'Eduardo Vargas', 'CF', 13, 'R', '1989-11-20', 'Chile'),
('Chile', 'Felipe Mora', 'CF', 14, 'R', '1993-08-02', 'Chile'),
('Chile', 'Ángelo Sagal', 'CF', 15, 'R', '1993-04-07', 'Chile'),
('Chile', 'Claudio Baeza', 'DM', 16, 'R', '1993-02-28', 'Chile'),
('Chile', 'César Pinares', 'AM', 17, 'L', '1991-04-23', 'Chile'),
('Chile', 'Fabián Orellana', 'RW', 18, 'R', '1986-01-27', 'Chile'),
('Chile', 'Erick Pulgar', 'CM', 19, 'R', '1994-01-15', 'Chile'),
('Chile', 'Jean Meneses', 'LM', 20, 'L', '1993-06-20', 'Chile'),
('Chile', 'Enzo Roco', 'CB', 21, 'R', '1992-08-16', 'Chile'),
('Chile', 'Francisco Sierralta', 'CB', 22, 'R', '1997-05-11', 'Chile'),
('Chile', 'Mauricio Pinilla', 'CF', 23, 'R', '1984-02-04', 'Chile'),
('Chile', 'Jean-Paul Pineda', 'CF', 24, 'R', '1988-02-04', 'Chile'),
('Chile', 'Matías Fernández', 'AM', 25, 'R', '1986-05-15', 'Chile'),
('Chile', 'Jorge Valdivia', 'AM', 26, 'R', '1983-10-19', 'Chile');

-- Suecia --
INSERT INTO jugadores (nombre_equipo, nombre, posicion, dorsal, pierna_habilidosa, fecha_nacimiento, pais_origen) VALUES 
('Suecia', 'Robin Olsen', 'GK', 1, 'R', '1990-01-08', 'Suecia'),
('Suecia', 'Kristoffer Nordfeldt', 'GK', 2, 'R', '1989-06-23', 'Suecia'),
('Suecia', 'Karl-Johan Johnsson', 'GK', 3, 'R', '1990-01-28', 'Suecia'),
('Suecia', 'Mikael Lustig', 'RB', 4, 'R', '1986-12-13', 'Suecia'),
('Suecia', 'Victor Lindelöf', 'CB', 5, 'R', '1994-07-17', 'Suecia'),
('Suecia', 'Andreas Granqvist', 'CB', 6, 'R', '1985-04-16', 'Suecia'),
('Suecia', 'Ludwig Augustinsson', 'LB', 7, 'L', '1994-04-21', 'Suecia'),
('Suecia', 'Emil Krafth', 'RB', 8, 'R', '1994-08-02', 'Suecia'),
('Suecia', 'Albin Ekdal', 'CM', 9, 'R', '1989-07-28', 'Suecia'),
('Suecia', 'Sebastian Larsson', 'RM', 10, 'R', '1985-06-06', 'Suecia'),
('Suecia', 'Viktor Claesson', 'RW', 11, 'R', '1992-01-02', 'Suecia'),
('Suecia', 'Emil Forsberg', 'AM', 12, 'L', '1991-10-23', 'Suecia'),
('Suecia', 'Marcus Berg', 'CF', 13, 'R', '1986-08-17', 'Suecia'),
('Suecia', 'Alexander Isak', 'CF', 14, 'R', '1999-09-21', 'Suecia'),
('Suecia', 'Robin Quaison', 'CF', 15, 'R', '1993-10-09', 'Suecia'),
('Suecia', 'Pontus Jansson', 'CB', 16, 'R', '1991-02-13', 'Suecia'),
('Suecia', 'Filip Helander', 'CB', 17, 'R', '1993-04-22', 'Suecia'),
('Suecia', 'Gustav Svensson', 'DM', 18, 'R', '1987-02-07', 'Suecia'),
('Suecia', 'Ken Sema', 'LM', 19, 'L', '1993-09-30', 'Suecia'),
('Suecia', 'Mattias Svanberg', 'CM', 20, 'R', '1999-01-05', 'Suecia'),
('Suecia', 'Emil Holmberg', 'CM', 21, 'R', '1994-09-18', 'Suecia'),
('Suecia', 'Marcus Danielson', 'CB', 22, 'R', '1989-10-20', 'Suecia'),
('Suecia', 'Jens Cajuste', 'CM', 23, 'R', '2000-06-11', 'Suecia'),
('Suecia', 'Joel Andersson', 'RB', 24, 'R', '1995-12-13', 'Suecia'),
('Suecia', 'Dejan Kulusevski', 'RW', 25, 'L', '2000-04-25', 'Suecia'),
('Suecia', 'Robin Quaison', 'CF', 26, 'R', '1993-10-09', 'Suecia');

-- Polonia --
INSERT INTO jugadores (nombre_equipo, nombre, posicion, dorsal, pierna_habilidosa, fecha_nacimiento, pais_origen) VALUES 
('Polonia', 'Wojciech Szczęsny', 'GK', 1, 'R', '1990-04-18', 'Polonia'),
('Polonia', 'Łukasz Fabiański', 'GK', 2, 'R', '1985-04-18', 'Polonia'),
('Polonia', 'Łukasz Skorupski', 'GK', 3, 'R', '1991-05-05', 'Polonia'),
('Polonia', 'Jan Bednarek', 'CB', 4, 'R', '1996-04-12', 'Polonia'),
('Polonia', 'Kamil Glik', 'CB', 5, 'R', '1988-02-03', 'Polonia'),
('Polonia', 'Bartosz Bereszyński', 'RB', 6, 'R', '1992-07-12', 'Polonia'),
('Polonia', 'Maciej Rybus', 'LB', 7, 'L', '1989-08-19', 'Polonia'),
('Polonia', 'Grzegorz Krychowiak', 'DM', 8, 'R', '1990-01-29', 'Polonia'),
('Polonia', 'Piotr Zieliński', 'CM', 9, 'R', '1994-05-20', 'Polonia'),
('Polonia', 'Karol Linetty', 'CM', 10, 'R', '1995-02-02', 'Polonia'),
('Polonia', 'Jakub Moder', 'CM', 11, 'R', '1999-04-07', 'Polonia'),
('Polonia', 'Arkadiusz Milik', 'CF', 12, 'R', '1994-02-28', 'Polonia'),
('Polonia', 'Robert Lewandowski', 'CF', 13, 'R', '1988-08-21', 'Polonia'),
('Polonia', 'Krzysztof Piątek', 'CF', 14, 'R', '1995-07-01', 'Polonia'),
('Polonia', 'Kamil Grosicki', 'RW', 15, 'L', '1988-06-08', 'Polonia'),
('Polonia', 'Mateusz Klich', 'CM', 16, 'R', '1990-06-13', 'Polonia'),
('Polonia', 'Przemysław Frankowski', 'RM', 17, 'R', '1995-05-12', 'Polonia'),
('Polonia', 'Tomasz Kędziora', 'RB', 18, 'R', '1994-06-11', 'Polonia'),
('Polonia', 'Bartosz Kapustka', 'LM', 19, 'L', '1996-12-23', 'Polonia'),
('Polonia', 'Paweł Dawidowicz', 'CB', 20, 'R', '1995-05-20', 'Polonia'),
('Polonia', 'Kamil Jóźwiak', 'RW', 21, 'R', '1998-04-22', 'Polonia'),
('Polonia', 'Sebastian Szymański', 'CM', 22, 'R', '1999-01-05', 'Polonia'),
('Polonia', 'Kamil Piątkowski', 'CB', 23, 'R', '1997-03-21', 'Polonia'),
('Polonia', 'Tymoteusz Puchacz', 'LB', 24, 'L', '1998-11-20', 'Polonia'),
('Polonia', 'Michał Karbownik', 'LB', 25, 'L', '2001-01-13', 'Polonia'),
('Polonia', 'Arkadiusz Reca', 'LB', 26, 'L', '1995-07-17', 'Polonia');

-- Serbia --
INSERT INTO jugadores (nombre_equipo, nombre, posicion, dorsal, pierna_habilidosa, fecha_nacimiento, pais_origen) VALUES 
('Serbia', 'Predrag Rajković', 'GK', 1, 'R', '1995-10-31', 'Serbia'),
('Serbia', 'Marko Dmitrović', 'GK', 2, 'R', '1992-01-24', 'Serbia'),
('Serbia', 'Đorđe Nikolić', 'GK', 3, 'R', '1994-01-03', 'Serbia'),
('Serbia', 'Stefan Mitrović', 'CB', 4, 'R', '1990-04-22', 'Serbia'),
('Serbia', 'Nikola Milenković', 'CB', 5, 'R', '1997-10-12', 'Serbia'),
('Serbia', 'Aleksandar Kolarov', 'LB', 6, 'L', '1985-11-10', 'Serbia'),
('Serbia', 'Stefan Mitrović', 'CB', 7, 'R', '1989-09-23', 'Serbia'),
('Serbia', 'Dušan Tadić', 'AM', 8, 'L', '1988-11-20', 'Serbia'),
('Serbia', 'Sergej Milinković-Savić', 'CM', 9, 'R', '1995-02-27', 'Serbia'),
('Serbia', 'Luka Milivojević', 'CM', 10, 'R', '1991-04-07', 'Serbia'),
('Serbia', 'Nemanja Matić', 'DM', 11, 'R', '1988-08-01', 'Serbia'),
('Serbia', 'Filip Kostić', 'LM', 12, 'L', '1992-11-01', 'Serbia'),
('Serbia', 'Andrija Živković', 'RW', 13, 'R', '1996-07-11', 'Serbia'),
('Serbia', 'Aleksandar Mitrović', 'CF', 14, 'R', '1994-09-16', 'Serbia'),
('Serbia', 'Luka Jović', 'CF', 15, 'R', '1997-12-23', 'Serbia'),
('Serbia', 'Adem Ljajić', 'AM', 16, 'L', '1991-09-29', 'Serbia'),
('Serbia', 'Nemanja Gudelj', 'DM', 17, 'R', '1991-11-16', 'Serbia'),
('Serbia', 'Miloš Veljković', 'CB', 18, 'R', '1995-09-26', 'Serbia'),
('Serbia', 'Milan Rodić', 'LB', 19, 'L', '1991-04-02', 'Serbia'),
('Serbia', 'Nikola Maksimović', 'CB', 20, 'R', '1991-11-25', 'Serbia'),
('Serbia', 'Mijat Gaćinović', 'CM', 21, 'R', '1995-02-08', 'Serbia'),
('Serbia', 'Darko Lazović', 'RW', 22, 'R', '1990-09-15', 'Serbia'),
('Serbia', 'Danilo Pantić', 'CM', 23, 'R', '1996-10-26', 'Serbia'),
('Serbia', 'Nemanja Radonjić', 'LW', 24, 'R', '1996-02-15', 'Serbia'),
('Serbia', 'Aleksa Terzić', 'LB', 25, 'L', '1998-03-23', 'Serbia'),
('Serbia', 'Dušan Vlahović', 'CF', 26, 'R', '2000-01-28', 'Serbia');

-- Rusia --
INSERT INTO jugadores (nombre_equipo, nombre, posicion, dorsal, pierna_habilidosa, fecha_nacimiento, pais_origen) VALUES 
('Rusia', 'Anton Shunin', 'GK', 1, 'R', '1987-01-27', 'Rusia'),
('Rusia', 'Andrey Lunev', 'GK', 2, 'R', '1991-11-13', 'Rusia'),
('Rusia', 'Guilherme Marinato', 'GK', 3, 'R', '1985-12-13', 'Brasil'),
('Rusia', 'Igor Smolnikov', 'RB', 4, 'R', '1988-08-08', 'Rusia'),
('Rusia', 'Mário Fernandes', 'RB', 5, 'R', '1990-09-19', 'Brasil'),
('Rusia', 'Georgi Dzhikiya', 'CB', 6, 'R', '1993-11-21', 'Rusia'),
('Rusia', 'Andrei Semyonov', 'CB', 7, 'R', '1988-03-24', 'Rusia'),
('Rusia', 'Fedor Kudryashov', 'LB', 8, 'L', '1987-04-05', 'Rusia'),
('Rusia', 'Ilya Kutepov', 'CB', 9, 'R', '1993-07-29', 'Rusia'),
('Rusia', 'Dmitri Barinov', 'CM', 10, 'R', '1995-05-11', 'Rusia'),
('Rusia', 'Roman Zobnin', 'CM', 11, 'R', '1994-02-11', 'Rusia'),
('Rusia', 'Denis Cheryshev', 'LM', 12, 'L', '1990-12-26', 'Rusia'),
('Rusia', 'Magomed Ozdoev', 'CM', 13, 'R', '1992-08-05', 'Rusia'),
('Rusia', 'Aleksandr Golovin', 'AM', 14, 'R', '1996-05-30', 'Rusia'),
('Rusia', 'Aleksei Miranchuk', 'AM', 15, 'R', '1995-10-17', 'Rusia'),
('Rusia', 'Anton Miranchuk', 'AM', 16, 'R', '1995-10-17', 'Rusia'),
('Rusia', 'Daniil Fomin', 'CM', 17, 'R', '1998-01-01', 'Rusia'),
('Rusia', 'Yuri Zhirkov', 'LB', 18, 'L', '1983-08-20', 'Rusia'),
('Rusia', 'Vyacheslav Karavaev', 'RB', 19, 'R', '1996-05-20', 'Rusia'),
('Rusia', 'Mikhail Kerzhakov', 'GK', 20, 'R', '1989-01-20', 'Rusia'),
('Rusia', 'Nikolai Komlichenko', 'CF', 21, 'R', '1995-01-13', 'Rusia'),
('Rusia', 'Artem Dzyuba', 'CF', 22, 'R', '1988-08-22', 'Rusia'),
('Rusia', 'Aleksandr Sobolev', 'CF', 23, 'R', '1997-04-21', 'Rusia'),
('Rusia', 'Anton Zabolotny', 'CF', 24, 'R', '1991-06-13', 'Rusia'),
('Rusia', 'Denis Makarov', 'AM', 25, 'R', '1998-03-30', 'Rusia'),
('Rusia', 'Aleksei Ionov', 'RW', 26, 'R', '1989-02-18', 'Rusia');

-- Corea del Sur --
INSERT INTO jugadores (nombre_equipo, nombre, posicion, dorsal, pierna_habilidosa, fecha_nacimiento, pais_origen) VALUES 
('Corea del Sur', 'Jo Hyeon-woo', 'GK', 1, 'R', '1991-09-25', 'Corea del Sur'),
('Corea del Sur', 'Kim Seung-gyu', 'GK', 2, 'R', '1990-09-30', 'Corea del Sur'),
('Corea del Sur', 'Kim Jin-hyeon', 'GK', 3, 'R', '1987-07-06', 'Corea del Sur'),
('Corea del Sur', 'Kim Young-gwon', 'CB', 4, 'L', '1990-02-27', 'Corea del Sur'),
('Corea del Sur', 'Jang Hyun-soo', 'CB', 5, 'R', '1991-09-28', 'Corea del Sur'),
('Corea del Sur', 'Kwon Kyung-won', 'CB', 6, 'R', '1992-04-14', 'Corea del Sur'),
('Corea del Sur', 'Kim Min-jae', 'CB', 7, 'R', '1996-11-15', 'Corea del Sur'),
('Corea del Sur', 'Hong Chul', 'LB', 8, 'L', '1990-09-17', 'Corea del Sur'),
('Corea del Sur', 'Park Ji-soo', 'RB', 9, 'R', '1994-07-06', 'Corea del Sur'),
('Corea del Sur', 'Ki Sung-yueng', 'CM', 10, 'R', '1989-01-24', 'Corea del Sur'),
('Corea del Sur', 'Koo Ja-cheol', 'CM', 11, 'R', '1989-02-27', 'Corea del Sur'),
('Corea del Sur', 'Lee Chung-yong', 'RM', 12, 'R', '1988-07-02', 'Corea del Sur'),
('Corea del Sur', 'Son Heung-min', 'RW', 13, 'R', '1992-07-08', 'Corea del Sur'),
('Corea del Sur', 'Hwang Hee-chan', 'CF', 14, 'R', '1996-01-26', 'Corea del Sur'),
('Corea del Sur', 'Lee Jae-sung', 'AM', 15, 'R', '1992-08-10', 'Corea del Sur'),
('Corea del Sur', 'Ju Se-jong', 'CM', 16, 'R', '1991-12-30', 'Corea del Sur'),
('Corea del Sur', 'Na Sang-ho', 'CF', 17, 'R', '1994-04-19', 'Corea del Sur'),
('Corea del Sur', 'Kwon Chang-hoon', 'AM', 18, 'R', '1994-06-30', 'Corea del Sur'),
('Corea del Sur', 'Kim Moon-hwan', 'RB', 19, 'R', '1995-06-18', 'Corea del Sur'),
('Corea del Sur', 'Lee Yong', 'RB', 20, 'R', '1986-12-24', 'Corea del Sur'),
('Corea del Sur', 'Kim In-sung', 'LM', 21, 'L', '1992-04-06', 'Corea del Sur'),
('Corea del Sur', 'Hwang Ui-jo', 'CF', 22, 'R', '1992-08-28', 'Corea del Sur'),
('Corea del Sur', 'Kwon Kyung-won', 'CB', 23, 'R', '1992-04-14', 'Corea del Sur'),
('Corea del Sur', 'Lee Seung-woo', 'AM', 24, 'R', '1998-01-06', 'Corea del Sur'),
('Corea del Sur', 'Kim Jin-ya', 'LB', 25, 'L', '1997-07-23', 'Corea del Sur'),
('Corea del Sur', 'Lee Kang-in', 'AM', 26, 'L', '2001-02-19', 'Corea del Sur');

-- Japón --
INSERT INTO jugadores (nombre_equipo, nombre, posicion, dorsal, pierna_habilidosa, fecha_nacimiento, pais_origen) VALUES 
('Japón', 'Eiji Kawashima', 'GK', 1, 'R', '1983-03-20', 'Japón'),
('Japón', 'Shuichi Gonda', 'GK', 2, 'R', '1989-03-03', 'Japón'),
('Japón', 'Daniel Schmidt', 'GK', 3, 'R', '1992-05-31', 'Estados Unidos'),
('Japón', 'Hiroki Sakai', 'RB', 4, 'R', '1990-04-12', 'Japón'),
('Japón', 'Naomichi Ueda', 'CB', 5, 'R', '1994-10-24', 'Japón'),
('Japón', 'Maya Yoshida', 'CB', 6, 'R', '1988-08-24', 'Japón'),
('Japón', 'Tomoki Iwata', 'CB', 7, 'R', '1993-11-15', 'Japón'),
('Japón', 'Yuto Nagatomo', 'LB', 8, 'L', '1986-09-12', 'Japón'),
('Japón', 'Gen Shoji', 'CB', 9, 'R', '1992-12-11', 'Japón'),
('Japón', 'Wataru Endo', 'DM', 10, 'R', '1993-02-09', 'Japón'),
('Japón', 'Gaku Shibasaki', 'CM', 11, 'R', '1992-05-28', 'Japón'),
('Japón', 'Yōsuke Ideguchi', 'CM', 12, 'R', '1996-08-23', 'Japón'),
('Japón', 'Takashi Inui', 'LM', 13, 'L', '1988-06-02', 'Japón'),
('Japón', 'Ritsu Doan', 'AM', 14, 'R', '1998-06-16', 'Japón'),
('Japón', 'Shoya Nakajima', 'RW', 15, 'R', '1994-08-23', 'Japón'),
('Japón', 'Takumi Minamino', 'CF', 16, 'R', '1995-01-16', 'Japón'),
('Japón', 'Daichi Kamada', 'CF', 17, 'L', '1996-08-05', 'Japón'),
('Japón', 'Kento Hashimoto', 'CM', 18, 'R', '1993-10-16', 'Japón'),
('Japón', 'Takefusa Kubo', 'AM', 19, 'L', '2001-06-04', 'Japón'),
('Japón', 'Takumi Nishimura', 'CF', 20, 'R', '1998-06-12', 'Japón'),
('Japón', 'Yuya Osako', 'CF', 21, 'R', '1990-05-18', 'Japón'),
('Japón', 'Junya Ito', 'RW', 22, 'R', '1993-03-11', 'Japón'),
('Japón', 'Hidemasa Morita', 'CM', 23, 'R', '1995-05-21', 'Japón'),
('Japón', 'Sei Muroya', 'RB', 24, 'R', '1994-04-22', 'Japón'),
('Japón', 'Yuta Nakayama', 'CB', 25, 'R', '1997-08-25', 'Japón'),
('Japón', 'Yuki Kobayashi', 'CM', 26, 'R', '1992-11-24', 'Japón');

-- Australia --
INSERT INTO jugadores (nombre_equipo, nombre, posicion, dorsal, pierna_habilidosa, fecha_nacimiento, pais_origen) VALUES 
('Australia', 'Mat Ryan', 'GK', 1, 'R', '1992-04-08', 'Australia'),
('Australia', 'Mitchell Langerak', 'GK', 2, 'R', '1988-08-22', 'Australia'),
('Australia', 'Adam Federici', 'GK', 3, 'R', '1985-01-31', 'Australia'),
('Australia', 'Aziz Behich', 'LB', 4, 'L', '1990-12-16', 'Australia'),
('Australia', 'Trent Sainsbury', 'CB', 5, 'R', '1992-01-05', 'Australia'),
('Australia', 'Bailey Wright', 'CB', 6, 'R', '1992-07-28', 'Australia'),
('Australia', 'Milos Degenek', 'CB', 7, 'R', '1994-04-28', 'Australia'),
('Australia', 'Rhyan Grant', 'RB', 8, 'R', '1991-02-26', 'Australia'),
('Australia', 'James Jeggo', 'CM', 9, 'R', '1991-09-12', 'Australia'),
('Australia', 'Aaron Mooy', 'CM', 10, 'L', '1990-09-15', 'Australia'),
('Australia', 'Tom Rogic', 'AM', 11, 'L', '1992-12-16', 'Australia'),
('Australia', 'Jackson Irvine', 'CM', 12, 'R', '1993-03-07', 'Australia'),
('Australia', 'Awer Mabil', 'LW', 13, 'R', '1995-09-15', 'Kenia'),
('Australia', 'Mathew Leckie', 'RW', 14, 'R', '1991-02-04', 'Australia'),
('Australia', 'Craig Goodwin', 'LM', 15, 'L', '1991-12-16', 'Australia'),
('Australia', 'Martin Boyle', 'RW', 16, 'R', '1993-12-30', 'Escocia'),
('Australia', 'Adam Taggart', 'CF', 17, 'R', '1993-06-02', 'Australia'),
('Australia', 'Jamie Maclaren', 'CF', 18, 'R', '1993-07-29', 'Australia'),
('Australia', 'Andrew Nabbout', 'CF', 19, 'R', '1992-12-17', 'Australia'),
('Australia', 'Riley McGree', 'AM', 20, 'R', '1998-11-02', 'Australia'),
('Australia', 'Massimo Luongo', 'CM', 21, 'R', '1992-09-25', 'Australia'),
('Australia', 'Brandon Borrello', 'RW', 22, 'R', '1995-07-25', 'Australia'),
('Australia', 'Mitchell Duke', 'CF', 23, 'R', '1991-01-18', 'Australia'),
('Australia', 'Harry Souttar', 'CB', 24, 'R', '1998-10-22', 'Australia'),
('Australia', 'Thomas Deng', 'RB', 25, 'R', '1997-03-20', 'Australia'),
('Australia', 'Alex Gersbach', 'LB', 26, 'L', '1997-05-08', 'Australia');

-- Senegal --
INSERT INTO jugadores (nombre_equipo, nombre, posicion, dorsal, pierna_habilidosa, fecha_nacimiento, pais_origen) VALUES 
('Senegal', 'Édouard Mendy', 'GK', 1, 'R', '1992-03-01', 'Senegal'),
('Senegal', 'Alfred Gomis', 'GK', 2, 'R', '1993-09-05', 'Senegal'),
('Senegal', 'Papa Demba Camara', 'GK', 3, 'R', '1996-06-11', 'Senegal'),
('Senegal', 'Kalidou Koulibaly', 'CB', 4, 'R', '1991-06-20', 'Senegal'),
('Senegal', 'Saliou Ciss', 'LB', 5, 'L', '1989-12-15', 'Senegal'),
('Senegal', 'Moussa Wagué', 'RB', 6, 'R', '1998-10-04', 'Senegal'),
('Senegal', 'Lamine Gassama', 'RB', 7, 'R', '1989-10-20', 'Senegal'),
('Senegal', 'Kara Mbodji', 'CB', 8, 'R', '1989-11-22', 'Senegal'),
('Senegal', 'Cheikhou Kouyaté', 'CB', 9, 'R', '1989-12-21', 'Senegal'),
('Senegal', 'Idrissa Gueye', 'CM', 10, 'R', '1989-09-26', 'Senegal'),
('Senegal', 'Cheikh Ndoye', 'CM', 11, 'R', '1986-03-29', 'Senegal'),
('Senegal', 'Henri Saivet', 'CM', 12, 'R', '1990-10-26', 'Senegal'),
('Senegal', 'Badou Ndiaye', 'CM', 13, 'R', '1990-10-27', 'Senegal'),
('Senegal', 'Mame Biram Diouf', 'CF', 14, 'R', '1987-12-16', 'Senegal'),
('Senegal', 'Mbaye Diagne', 'CF', 15, 'R', '1991-10-28', 'Senegal'),
('Senegal', 'Sadio Mané', 'LW', 16, 'R', '1992-04-10', 'Senegal'),
('Senegal', 'Ismaïla Sarr', 'RW', 17, 'R', '1998-02-25', 'Senegal'),
('Senegal', 'Keita Baldé', 'LW', 18, 'L', '1995-03-08', 'Senegal'),
('Senegal', 'Moussa Konaté', 'CF', 19, 'R', '1993-04-03', 'Senegal'),
('Senegal', 'Diafra Sakho', 'CF', 20, 'R', '1989-12-24', 'Senegal'),
('Senegal', 'Pape Alioune Ndiaye', 'CM', 21, 'R', '1990-10-08', 'Senegal'),
('Senegal', 'Ismaila Cissé', 'CB', 22, 'R', '1993-06-29', 'Senegal'),
('Senegal', 'Lamine Gueye', 'LB', 23, 'L', '1994-07-03', 'Senegal'),
('Senegal', 'Samba Camara', 'CM', 24, 'R', '1997-12-25', 'Senegal'),
('Senegal', 'Babacar Ndiaye', 'RB', 25, 'R', '1996-02-12', 'Senegal'),
('Senegal', 'Abdallah Diongue', 'CM', 26, 'R', '1998-11-11', 'Senegal');

-- Nigeria --
INSERT INTO jugadores (nombre_equipo, nombre, posicion, dorsal, pierna_habilidosa, fecha_nacimiento, pais_origen) VALUES 
('Nigeria', 'Francis Uzoho', 'GK', 1, 'R', '1998-10-28', 'Nigeria'),
('Nigeria', 'Maduka Okoye', 'GK', 2, 'R', '1999-08-28', 'Nigeria'),
('Nigeria', 'Daniel Akpeyi', 'GK', 3, 'R', '1986-08-03', 'Nigeria'),
('Nigeria', 'Kenneth Omeruo', 'CB', 4, 'R', '1993-10-17', 'Nigeria'),
('Nigeria', 'Leon Balogun', 'CB', 5, 'R', '1988-06-28', 'Nigeria'),
('Nigeria', 'William Troost-Ekong', 'CB', 6, 'R', '1993-09-01', 'Países Bajos'),
('Nigeria', 'Chidozie Awaziem', 'CB', 7, 'R', '1997-01-01', 'Nigeria'),
('Nigeria', 'Ola Aina', 'RB', 8, 'R', '1996-10-08', 'Nigeria'),
('Nigeria', 'Jamilu Collins', 'LB', 9, 'L', '1994-08-05', 'Nigeria'),
('Nigeria', 'Wilfred Ndidi', 'DM', 10, 'R', '1996-12-16', 'Nigeria'),
('Nigeria', 'Oghenekaro Etebo', 'CM', 11, 'R', '1995-11-09', 'Nigeria'),
('Nigeria', 'John Obi Mikel', 'CM', 12, 'R', '1987-04-22', 'Nigeria'),
('Nigeria', 'Alex Iwobi', 'AM', 13, 'L', '1996-05-03', 'Nigeria'),
('Nigeria', 'Ahmed Musa', 'LW', 14, 'R', '1992-10-14', 'Nigeria'),
('Nigeria', 'Samuel Chukwueze', 'RW', 15, 'R', '1999-05-22', 'Nigeria'),
('Nigeria', 'Victor Osimhen', 'CF', 16, 'R', '1998-12-29', 'Nigeria'),
('Nigeria', 'Paul Onuachu', 'CF', 17, 'R', '1994-05-28', 'Nigeria'),
('Nigeria', 'Moses Simon', 'RW', 18, 'L', '1995-07-12', 'Nigeria'),
('Nigeria', 'Henry Onyekuru', 'LW', 19, 'R', '1997-06-05', 'Nigeria'),
('Nigeria', 'Emmanuel Dennis', 'CF', 20, 'R', '1997-11-15', 'Nigeria'),
('Nigeria', 'Kelechi Iheanacho', 'CF', 21, 'R', '1996-10-03', 'Nigeria'),
('Nigeria', 'Joe Aribo', 'CM', 22, 'R', '1996-07-21', 'Escocia'),
('Nigeria', 'Chidera Ejuke', 'LW', 23, 'R', '1998-01-05', 'Nigeria'),
('Nigeria', 'Kingsley Michael', 'CM', 24, 'R', '1998-02-26', 'Nigeria'),
('Nigeria', 'Zaidu Sanusi', 'LB', 25, 'L', '1997-06-13', 'Nigeria'),
('Nigeria', 'Tyronne Ebuehi', 'RB', 26, 'R', '1995-12-16', 'Países Bajos');

-- Ghana --
INSERT INTO jugadores (nombre_equipo, nombre, posicion, dorsal, pierna_habilidosa, fecha_nacimiento, pais_origen) VALUES 
('Ghana', 'Richard Ofori', 'GK', 1, 'R', '1993-11-01', 'Ghana'),
('Ghana', 'Lawrence Ati-Zigi', 'GK', 2, 'R', '1996-09-29', 'Ghana'),
('Ghana', 'Razak Abalora', 'GK', 3, 'R', '1997-09-07', 'Ghana'),
('Ghana', 'Andy Yiadom', 'RB', 4, 'R', '1992-12-02', 'Inglaterra'),
('Ghana', 'Benson Anang', 'LB', 5, 'L', '1999-01-23', 'Ghana'),
('Ghana', 'Nicholas Opoku', 'CB', 6, 'R', '1997-08-08', 'Ghana'),
('Ghana', 'Joseph Aidoo', 'CB', 7, 'R', '1995-09-29', 'Ghana'),
('Ghana', 'Kasim Nuhu', 'CB', 8, 'R', '1995-01-23', 'Ghana'),
('Ghana', 'Thomas Partey', 'CM', 9, 'R', '1993-06-13', 'Ghana'),
('Ghana', 'Mubarak Wakaso', 'CM', 10, 'L', '1990-07-25', 'Ghana'),
('Ghana', 'Afriyie Acquah', 'DM', 11, 'R', '1992-01-05', 'Ghana'),
('Ghana', 'Kwadwo Asamoah', 'CM', 12, 'L', '1988-12-09', 'Ghana'),
('Ghana', 'Emmanuel Boateng', 'CF', 13, 'R', '1996-05-23', 'Ghana'),
('Ghana', 'Jordan Ayew', 'CF', 14, 'R', '1991-09-11', 'Francia'),
('Ghana', 'Andre Ayew', 'LW', 15, 'R', '1989-12-17', 'Francia'),
('Ghana', 'Samuel Owusu', 'RW', 16, 'R', '1996-07-28', 'Ghana'),
('Ghana', 'Bernard Tekpetey', 'CF', 17, 'R', '1997-09-03', 'Alemania'),
('Ghana', 'Tariq Fosu', 'LW', 18, 'R', '1995-11-05', 'Inglaterra'),
('Ghana', 'Caleb Ekuban', 'CF', 19, 'R', '1994-03-23', 'Italia'),
('Ghana', 'Kudus Mohammed', 'AM', 20, 'L', '2000-10-02', 'Ghana'),
('Ghana', 'Thomas Agyepong', 'RW', 21, 'L', '1996-10-10', 'Ghana'),
('Ghana', 'Yaw Yeboah', 'AM', 22, 'R', '1997-03-28', 'Ghana'),
('Ghana', 'Kwasi Okyere Wriedt', 'CF', 23, 'R', '1994-07-10', 'Alemania'),
('Ghana', 'Gideon Mensah', 'LB', 24, 'L', '1998-05-18', 'Ghana'),
('Ghana', 'Christopher Antwi-Adjei', 'RW', 25, 'R', '1994-05-15', 'Alemania'),
('Ghana', 'Joseph Paintsil', 'RW', 26, 'R', '1998-06-15', 'Ghana');

-- Marruecos --
INSERT INTO jugadores (nombre_equipo, nombre, posicion, dorsal, pierna_habilidosa, fecha_nacimiento, pais_origen) VALUES 
('Marruecos', 'Yassine Bounou', 'GK', 1, 'R', '1991-04-05', 'Marruecos'),
('Marruecos', 'Bono', 'GK', 2, 'R', '1991-04-05', 'Marruecos'),
('Marruecos', 'Yassine El Kharroubi', 'GK', 3, 'R', '1992-12-12', 'Marruecos'),
('Marruecos', 'Achraf Hakimi', 'RB', 4, 'R', '1998-11-04', 'Marruecos'),
('Marruecos', 'Nabil Dirar', 'LB', 5, 'R', '1986-02-25', 'Marruecos'),
('Marruecos', 'Romain Saïss', 'CB', 6, 'L', '1990-03-26', 'Francia'),
('Marruecos', 'Manuel da Costa', 'CB', 7, 'R', '1986-05-06', 'Francia'),
('Marruecos', 'Jawad El Yamiq', 'CB', 8, 'R', '1992-02-29', 'Marruecos'),
('Marruecos', 'Hamza Mendyl', 'LB', 9, 'L', '1997-10-21', 'Marruecos'),
('Marruecos', 'Hakim Ziyech', 'AM', 10, 'L', '1993-03-19', 'Países Bajos'),
('Marruecos', 'Youssef Aït Bennasser', 'CM', 11, 'R', '1996-07-07', 'Francia'),
('Marruecos', 'Karim El Ahmadi', 'DM', 12, 'R', '1985-01-27', 'Países Bajos'),
('Marruecos', 'Fayçal Fajr', 'CM', 13, 'L', '1988-08-01', 'Francia'),
('Marruecos', 'Nordin Amrabat', 'RW', 14, 'R', '1987-03-31', 'Países Bajos'),
('Marruecos', 'Younès Belhanda', 'AM', 15, 'R', '1990-02-25', 'Francia'),
('Marruecos', 'Sofiane Boufal', 'LW', 16, 'R', '1993-09-17', 'Francia'),
('Marruecos', 'Hakim Ziyech', 'CF', 17, 'R', '1993-03-19', 'Países Bajos'),
('Marruecos', 'Achraf Dari', 'CB', 18, 'R', '1993-04-05', 'Marruecos'),
('Marruecos', 'Issam Chebake', 'CB', 19, 'R', '1993-04-15', 'Marruecos'),
('Marruecos', 'Badr Banoun', 'CB', 20, 'R', '1993-04-15', 'Marruecos'),
('Marruecos', 'Ayoub El Kaabi', 'CF', 21, 'R', '1993-07-25', 'Marruecos'),
('Marruecos', 'Khalid Boutaïb', 'CF', 22, 'R', '1987-04-24', 'Francia'),
('Marruecos', 'Nordin Amrabat', 'AM', 23, 'R', '1987-03-31', 'Países Bajos'),
('Marruecos', 'Sofiane Boufal', 'LW', 24, 'R', '1993-09-17', 'Francia'),
('Marruecos', 'Hakim Ziyech', 'CF', 25, 'R', '1993-03-19', 'Países Bajos'),
('Marruecos', 'Achraf Dari', 'CB', 26, 'R', '1993-04-05', 'Marruecos');

-- Irán --
INSERT INTO jugadores (nombre_equipo, nombre, posicion, dorsal, pierna_habilidosa, fecha_nacimiento, pais_origen) VALUES 
('Irán', 'Alireza Beiranvand', 'GK', 1, 'R', '1992-09-21', 'Irán'),
('Irán', 'Amir Abedzadeh', 'GK', 2, 'R', '1993-04-26', 'Irán'),
('Irán', 'Rashid Mazaheri', 'GK', 3, 'R', '1989-11-18', 'Irán'),
('Irán', 'Ramin Rezaeian', 'RB', 4, 'R', '1990-03-21', 'Irán'),
('Irán', 'Milad Mohammadi', 'LB', 5, 'L', '1993-09-29', 'Irán'),
('Irán', 'Morteza Pouraliganji', 'CB', 6, 'R', '1992-04-19', 'Irán'),
('Irán', 'Majid Hosseini', 'CB', 7, 'R', '1996-06-20', 'Irán'),
('Irán', 'Mohammad Khanzadeh', 'CB', 8, 'R', '1991-08-21', 'Irán'),
('Irán', 'Ehsan Hajsafi', 'LB', 9, 'L', '1990-02-25', 'Irán'),
('Irán', 'Omid Ebrahimi', 'DM', 10, 'R', '1987-09-16', 'Irán'),
('Irán', 'Saeid Ezatolahi', 'CM', 11, 'R', '1996-10-01', 'Irán'),
('Irán', 'Ashkan Dejagah', 'AM', 12, 'L', '1986-07-05', 'Irán'),
('Irán', 'Alireza Jahanbakhsh', 'RW', 13, 'L', '1993-08-11', 'Irán'),
('Irán', 'Karim Ansarifard', 'CF', 14, 'R', '1990-04-03', 'Irán'),
('Irán', 'Sardar Azmoun', 'CF', 15, 'R', '1995-01-01', 'Irán'),
('Irán', 'Mehdi Taremi', 'CF', 16, 'R', '1992-07-18', 'Irán'),
('Irán', 'Samuel Ghoddos', 'LW', 17, 'R', '1993-08-06', 'Suecia'),
('Irán', 'Vahid Amiri', 'LM', 18, 'L', '1988-04-02', 'Irán'),
('Irán', 'Mahdi Torabi', 'RW', 19, 'L', '1994-09-10', 'Irán'),
('Irán', 'Masoud Shojaei', 'CM', 20, 'R', '1984-06-09', 'Irán'),
('Irán', 'Ali Karimi', 'AM', 21, 'R', '1994-09-08', 'Irán'),
('Irán', 'Reza Ghoochannejhad', 'CF', 22, 'R', '1987-09-20', 'Irán'),
('Irán', 'Saman Ghoddos', 'CF', 23, 'R', '1993-08-06', 'Suecia'),
('Irán', 'Ali Gholizadeh', 'LW', 24, 'R', '1996-04-24', 'Irán'),
('Irán', 'Mehdi Mehdikhani', 'RW', 25, 'R', '1994-05-25', 'Irán'),
('Irán', 'Vahid Amiri', 'CM', 26, 'L', '1988-04-02', 'Irán');

-- Arabia Saudita --
INSERT INTO jugadores (nombre_equipo, nombre, posicion, dorsal, pierna_habilidosa, fecha_nacimiento, pais_origen) VALUES 
('Arabia Saudita', 'Mohammed Al-Owais', 'GK', 1, 'R', '1991-10-10', 'Arabia Saudita'),
('Arabia Saudita', 'Abdullah Al-Mayouf', 'GK', 2, 'R', '1987-01-23', 'Arabia Saudita'),
('Arabia Saudita', 'Waleed Abdullah', 'GK', 3, 'R', '1986-06-01', 'Arabia Saudita'),
('Arabia Saudita', 'Mohammed Al-Burayk', 'RB', 4, 'R', '1992-09-15', 'Arabia Saudita'),
('Arabia Saudita', 'Yasir Al-Shahrani', 'LB', 5, 'L', '1992-05-25', 'Arabia Saudita'),
('Arabia Saudita', 'Osama Hawsawi', 'CB', 6, 'R', '1984-03-31', 'Arabia Saudita'),
('Arabia Saudita', 'Ali Al-Bulaihi', 'CB', 7, 'R', '1989-09-21', 'Arabia Saudita'),
('Arabia Saudita', 'Mohammed Jahfali', 'CB', 8, 'R', '1993-09-03', 'Arabia Saudita'),
('Arabia Saudita', 'Mansoor Al-Harbi', 'LB', 9, 'L', '1987-10-19', 'Arabia Saudita'),
('Arabia Saudita', 'Abdullah Otayf', 'DM', 10, 'R', '1992-08-03', 'Arabia Saudita'),
('Arabia Saudita', 'Hussain Al-Mogahwi', 'CM', 11, 'R', '1990-08-23', 'Arabia Saudita'),
('Arabia Saudita', 'Salman Al-Faraj', 'CM', 12, 'R', '1989-08-01', 'Arabia Saudita'),
('Arabia Saudita', 'Abdulmalek Al-Khaibri', 'CM', 13, 'R', '1986-03-13', 'Arabia Saudita'),
('Arabia Saudita', 'Hattan Bahebri', 'RW', 14, 'R', '1992-04-16', 'Arabia Saudita'),
('Arabia Saudita', 'Salem Al-Dawsari', 'LW', 15, 'R', '1991-08-19', 'Arabia Saudita'),
('Arabia Saudita', 'Fahad Al-Muwallad', 'RW', 16, 'R', '1994-09-14', 'Arabia Saudita'),
('Arabia Saudita', 'Mohammad Al-Sahlawi', 'CF', 17, 'R', '1987-01-10', 'Arabia Saudita'),
('Arabia Saudita', 'Mukhtar Ali', 'CM', 18, 'R', '1997-05-30', 'Inglaterra'),
('Arabia Saudita', 'Abdullah Al-Khaibari', 'CM', 19, 'R', '1996-08-16', 'Arabia Saudita'),
('Arabia Saudita', 'Yahya Al-Shehri', 'AM', 20, 'R', '1990-06-26', 'Arabia Saudita'),
('Arabia Saudita', 'Nawaf Al-Abed', 'AM', 21, 'R', '1989-01-26', 'Arabia Saudita'),
('Arabia Saudita', 'Saud Abdul Hamid', 'CF', 22, 'R', '1995-09-17', 'Arabia Saudita'),
('Arabia Saudita', 'Housain Al-Mogahwi', 'CF', 23, 'R', '1987-06-05', 'Arabia Saudita'),
('Arabia Saudita', 'Fahad Al-Muwallad', 'LW', 24, 'R', '1994-09-14', 'Arabia Saudita'),
('Arabia Saudita', 'Mohammad Al-Sahlawi', 'CF', 25, 'R', '1987-01-10', 'Arabia Saudita'),
('Arabia Saudita', 'Mukhtar Ali', 'CM', 26, 'R', '1997-05-30', 'Inglaterra');

-- Egipto --
INSERT INTO jugadores (nombre_equipo, nombre, posicion, dorsal, pierna_habilidosa, fecha_nacimiento, pais_origen) VALUES 
('Egipto', 'Mohamed El Shenawy', 'GK', 1, 'R', '1988-12-18', 'Egipto'),
('Egipto', 'Ahmed El Shenawy', 'GK', 2, 'R', '1991-05-14', 'Egipto'),
('Egipto', 'Mahmoud Gennesh', 'GK', 3, 'R', '1988-01-07', 'Egipto'),
('Egipto', 'Ahmed Fathi', 'RB', 4, 'R', '1984-11-10', 'Egipto'),
('Egipto', 'Mohamed Abdel Shafy', 'LB', 5, 'L', '1985-07-01', 'Egipto'),
('Egipto', 'Ahmed Hegazi', 'CB', 6, 'R', '1991-01-25', 'Egipto'),
('Egipto', 'Ali Gabr', 'CB', 7, 'R', '1989-01-01', 'Egipto'),
('Egipto', 'Ahmed Elmohamady', 'RB', 8, 'R', '1987-09-09', 'Egipto'),
('Egipto', 'Ayman Ashraf', 'LB', 9, 'L', '1991-04-09', 'Egipto'),
('Egipto', 'Tarek Hamed', 'DM', 10, 'R', '1988-10-24', 'Egipto'),
('Egipto', 'Mohamed Elneny', 'CM', 11, 'R', '1992-07-11', 'Egipto'),
('Egipto', 'Ramadan Sobhi', 'LM', 12, 'L', '1997-06-23', 'Egipto'),
('Egipto', 'Amr Warda', 'AM', 13, 'R', '1993-09-17', 'Egipto'),
('Egipto', 'Mahmoud Hassan', 'RW', 14, 'R', '1994-06-01', 'Egipto'),
('Egipto', 'Abdallah El Said', 'AM', 15, 'R', '1985-07-13', 'Egipto'),
('Egipto', 'Mohamed Salah', 'RW', 16, 'L', '1992-06-15', 'Egipto'),
('Egipto', 'Kahraba', 'CF', 17, 'R', '1994-04-13', 'Egipto'),
('Egipto', 'Marwan Mohsen', 'CF', 18, 'R', '1989-02-26', 'Egipto'),
('Egipto', 'Ahmed Hassan Kouka', 'CF', 19, 'R', '1993-03-05', 'Egipto'),
('Egipto', 'Shikabala', 'AM', 20, 'L', '1986-03-05', 'Egipto'),
('Egipto', 'Trezeguet', 'LW', 21, 'L', '1994-10-01', 'Egipto'),
('Egipto', 'Mohamed Salah', 'AM', 22, 'L', '1992-06-15', 'Egipto'),
('Egipto', 'Kahraba', 'CF', 23, 'R', '1994-04-13', 'Egipto'),
('Egipto', 'Marwan Mohsen', 'CF', 24, 'R', '1989-02-26', 'Egipto'),
('Egipto', 'Ahmed Hassan Kouka', 'CF', 25, 'R', '1993-03-05', 'Egipto'),
('Egipto', 'Shikabala', 'AM', 26, 'L', '1986-03-05', 'Egipto');

-- Directores tecnicos --
INSERT INTO directores_tecnicos (nombre_equipo, nombre, rango, fecha_nacimiento, pais_origen)
VALUES
('Argentina', 'Lionel Scaloni', 'P', '1978-05-16', 'Argentina'),
('Argentina', 'Pablo Aimar', 'S', '1979-11-03', 'Argentina'),
('Argentina', 'Roberto Ayala', 'S', '1973-04-14', 'Argentina'),

('Brasil', 'Tite', 'P', '1961-05-25', 'Brasil'),
('Brasil', 'Juninho Paulista', 'S', '1973-02-22', 'Brasil'),
('Brasil', 'Cafu', 'S', '1970-06-07', 'Brasil'),

('Francia', 'Didier Deschamps', 'P', '1968-10-15', 'Francia'),
('Francia', 'Zinedine Zidane', 'S', '1972-06-23', 'Francia'),
('Francia', 'Thierry Henry', 'S', '1977-08-17', 'Francia'),

('Alemania', 'Hans-Dieter Flick', 'P', '1965-02-24', 'Alemania'),
('Alemania', 'Oliver Bierhoff', 'S', '1968-05-01', 'Alemania'),
('Alemania', 'Lothar Matthäus', 'S', '1961-03-21', 'Alemania'),

('España', 'Luis Enrique', 'P', '1970-05-08', 'España'),
('España', 'Xavi Hernández', 'S', '1980-01-25', 'España'),
('España', 'Raúl González', 'S', '1977-06-27', 'España'),

('Italia', 'Roberto Mancini', 'P', '1964-11-27', 'Italia'),
('Italia', 'Paolo Maldini', 'S', '1968-06-26', 'Italia'),
('Italia', 'Gianluigi Buffon', 'S', '1978-01-28', 'Italia'),

('Inglaterra', 'Gareth Southgate', 'P', '1970-09-03', 'Inglaterra'),
('Inglaterra', 'Steven Gerrard', 'S', '1980-05-30', 'Inglaterra'),
('Inglaterra', 'Frank Lampard', 'S', '1978-06-20', 'Inglaterra'),

('Uruguay', 'Óscar Tabárez', 'P', '1947-03-03', 'Uruguay'),
('Uruguay', 'Diego Forlán', 'S', '1979-05-19', 'Uruguay'),
('Uruguay', 'Sebastián Abreu', 'S', '1976-10-17', 'Uruguay'),

('Países Bajos', 'Frank de Boer', 'P', '1970-05-15', 'Países Bajos'),
('Países Bajos', 'Ruud van Nistelrooy', 'S', '1976-07-01', 'Países Bajos'),
('Países Bajos', 'Clarence Seedorf', 'S', '1976-04-01', 'Países Bajos'),

('Bélgica', 'Roberto Martínez', 'P', '1973-07-13', 'Bélgica'),
('Bélgica', 'Vincent Kompany', 'S', '1986-04-10', 'Bélgica'),
('Bélgica', 'Thierry Henry', 'S', '1977-08-17', 'Bélgica'),

('Croacia', 'Zlatko Dalić', 'P', '1966-10-26', 'Croacia'),
('Croacia', 'Davor Šuker', 'S', '1968-01-01', 'Croacia'),
('Croacia', 'Igor Tudor', 'S', '1978-04-16', 'Croacia'),

('Portugal', 'Fernando Santos', 'P', '1954-10-19', 'Portugal'),
('Portugal', 'Rui Costa', 'S', '1972-03-29', 'Portugal'),
('Portugal', 'Luís Figo', 'S', '1972-11-04', 'Portugal'),

('Dinamarca', 'Kasper Hjulmand', 'P', '1972-04-09', 'Dinamarca'),
('Dinamarca', 'Christian Eriksen', 'S', '1992-02-14', 'Dinamarca'),
('Dinamarca', 'Michael Laudrup', 'S', '1964-06-15', 'Dinamarca'),

('Suiza', 'Murat Yakin', 'P', '1974-09-15', 'Suiza'),
('Suiza', 'Stéphane Chapuisat', 'S', '1969-06-28', 'Suiza'),
('Suiza', 'Alexander Frei', 'S', '1979-07-15', 'Suiza'),

('Colombia', 'Reinaldo Rueda', 'P', '1957-04-16', 'Colombia'),
('Colombia', 'Carlos Queiroz', 'S', '1953-03-01', 'Portugal'),
('Colombia', 'Mario Yepes', 'S', '1976-01-13', 'Colombia'),

('México', 'Gerardo Martino', 'P', '1962-11-20', 'Argentina'),
('México', 'Cuauhtémoc Blanco', 'S', '1973-01-17', 'México'),
('México', 'Rafael Márquez', 'S', '1979-02-13', 'México'),

('Estados Unidos', 'Gregg Berhalter', 'P', '1973-08-01', 'Estados Unidos'),
('Estados Unidos', 'Landon Donovan', 'S', '1982-03-04', 'Estados Unidos'),
('Estados Unidos', 'Clint Dempsey', 'S', '1983-03-09', 'Estados Unidos'),

('Chile', 'Martín Lasarte', 'P', '1961-04-08', 'Uruguay'),
('Chile', 'Iván Zamorano', 'S', '1967-01-18', 'Chile'),
('Chile', 'Marcelo Salas', 'S', '1974-12-24', 'Chile'),

('Suecia', 'Janne Andersson', 'P', '1962-09-29', 'Suecia'),
('Suecia', 'Zlatan Ibrahimović', 'S', '1981-10-03', 'Suecia'),
('Suecia', 'Henrik Larsson', 'S', '1971-09-20', 'Suecia'),

('Polonia', 'Paulo Sousa', 'P', '1970-08-30', 'Portugal'),
('Polonia', 'Robert Lewandowski', 'S', '1988-08-21', 'Polonia'),
('Polonia', 'Wojciech Szczęsny', 'S', '1990-04-18', 'Polonia'),

('Serbia', 'Dragan Stojković', 'P', '1965-03-03', 'Serbia'),
('Serbia', 'Nemanja Vidić', 'S', '1981-10-21', 'Serbia'),
('Serbia', 'Dejan Stanković', 'S', '1978-09-11', 'Serbia'),

('Rusia', 'Valeri Karpin', 'P', '1969-02-02', 'Rusia'),
('Rusia', 'Andrey Arshavin', 'S', '1981-05-29', 'Rusia'),
('Rusia', 'Sergei Semak', 'S', '1976-02-27', 'Rusia'),

('Corea del Sur', 'Paulo Bento', 'P', '1969-06-20', 'Portugal'),
('Corea del Sur', 'Park Ji-sung', 'S', '1981-02-25', 'Corea del Sur'),
('Corea del Sur', 'Hong Myung-bo', 'S', '1969-02-12', 'Corea del Sur'),

('Japón', 'Hajime Moriyasu', 'P', '1968-08-23', 'Japón'),
('Japón', 'Shinji Kagawa', 'S', '1989-03-17', 'Japón'),
('Japón', 'Hidetoshi Nakata', 'S', '1977-01-22', 'Japón'),

('Australia', 'Graham Arnold', 'P', '1963-08-03', 'Australia'),
('Australia', 'Mark Schwarzer', 'S', '1972-10-06', 'Australia'),
('Australia', 'Tim Cahill', 'S', '1979-12-06', 'Australia'),

('Senegal', 'Aliou Cissé', 'P', '1976-03-24', 'Senegal'),
('Senegal', 'El Hadji Diouf', 'S', '1981-01-15', 'Senegal'),
('Senegal', 'Papiss Cissé', 'S', '1985-06-03', 'Senegal'),

('Nigeria', 'Gernot Rohr', 'P', '1953-06-28', 'Alemania'),
('Nigeria', 'Jay-Jay Okocha', 'S', '1973-08-14', 'Nigeria'),
('Nigeria', 'Nwankwo Kanu', 'S', '1976-08-01', 'Nigeria'),

('Ghana', 'C.K. Akonnor', 'P', '1973-03-12', 'Ghana'),
('Ghana', 'Asamoah Gyan', 'S', '1985-11-22', 'Ghana'),
('Ghana', 'Michael Essien', 'S', '1982-12-03', 'Ghana'),

('Marruecos', 'Vahid Halilhodžić', 'P', '1952-10-15', 'Bosnia y Herzegovina'),
('Marruecos', 'Mehdi Benatia', 'S', '1987-04-17', 'Francia'),
('Marruecos', 'Hakim Ziyech', 'S', '1993-03-19', 'Países Bajos'),

('Irán', 'Dragan Skočić', 'P', '1970-06-03', 'Croacia'),
('Irán', 'Ali Daei', 'S', '1969-03-21', 'Irán'),
('Irán', 'Javad Nekounam', 'S', '1980-09-07', 'Irán'),

('Arabia Saudita', 'Hervé Renard', 'P', '1968-09-30', 'Francia'),
('Arabia Saudita', 'Mohammad Al-Shalhoub', 'S', '1980-12-08', 'Arabia Saudita'),
('Arabia Saudita', 'Sami Al-Jaber', 'S', '1972-12-11', 'Arabia Saudita'),

('Egipto', 'Carlos Queiroz', 'P', '1953-03-01', 'Portugal'),
('Egipto', 'Mohamed Salah', 'S', '1992-06-15', 'Egipto'),
('Egipto', 'Ahmed Hegazi', 'S', '1991-01-25', 'Egipto');

-- 36 Arbitros --
INSERT INTO personal (nombre, designacion, fecha_nacimiento, pais_origen)
VALUES
('Pierluigi Collina', 'arbitro', '1960-02-13', 'Italia'),
('Howard Webb', 'arbitro', '1971-07-14', 'Inglaterra'),
('Nestor Pitana', 'arbitro', '1975-06-17', 'Argentina'),
('Björn Kuipers', 'arbitro', '1973-03-28', 'Países Bajos'),
('Felix Brych', 'arbitro', '1975-08-03', 'Alemania'),
('Cüneyt Çakır', 'arbitro', '1976-11-23', 'Turquía'),
('Ravshan Irmatov', 'arbitro', '1977-08-09', 'Uzbekistán'),
('Mark Geiger', 'arbitro', '1974-08-25', 'Estados Unidos'),
('Néstor Rossi', 'arbitro', '1974-02-17', 'Uruguay'),
('Sander van Roekel', 'arbitro', '1974-08-16', 'Países Bajos'),
('Carlos Astroza', 'arbitro', '1981-03-11', 'Chile'),
('Taleb Al-Marri', 'arbitro', '1977-09-02', 'Qatar'),
('Emerson de Carvalho', 'arbitro', '1970-03-18', 'Brasil'),
('Juan Pablo Belatti', 'arbitro', '1976-05-11', 'Argentina'),
('Juan Zumba', 'arbitro', '1976-10-09', 'Ecuador'),
('Marvin Torrentera', 'arbitro', '1972-12-16', 'México'),
('Abdelhak Etchiali', 'arbitro', '1972-12-07', 'Argelia'),
('Hussein Bugrein', 'arbitro', '1972-07-30', 'Sudán'),
('Evarist Menkouande', 'arbitro', '1972-11-11', 'Camerún'),
('Anton Averianov', 'arbitro', '1976-08-01', 'Rusia'),
('Bahattin Duran', 'arbitro', '1982-08-16', 'Turquía'),
('Alexander Guzmán', 'arbitro', '1973-05-23', 'Colombia'),
('Marcelo van Gasse', 'arbitro', '1973-12-25', 'Brasil'),
('Rodrigo Correa', 'arbitro', '1979-06-16', 'Chile'),
('Diego Bonfá', 'arbitro', '1981-06-18', 'Brasil'),
('Igor Demeshko', 'arbitro', '1971-10-17', 'Rusia'),
('Mauro Vigliano', 'arbitro', '1975-04-16', 'Argentina'),
('Ricardo Montero', 'arbitro', '1982-07-29', 'Costa Rica'),
('Christian Schiemann', 'arbitro', '1975-07-03', 'Chile'),
('Paweł Gil', 'arbitro', '1977-06-28', 'Polonia'),
('Andrés Cunha', 'arbitro', '1976-10-30', 'Uruguay'),
('Juan Soto', 'arbitro', '1976-10-12', 'Venezuela'),
('Pau Cebrián', 'arbitro', '1976-09-05', 'España'),
('Emiliano Diáz', 'arbitro', '1980-04-21', 'Paraguay'),
('Hiroshi Yamauchi', 'arbitro', '1973-06-08', 'Japón'),
('Toru Sagara', 'arbitro', '1976-03-05', 'Japón'),
('Toshiyuki Nagi', 'arbitro', '1971-01-18', 'Japón');

-- 69 Asistentes --
INSERT INTO personal (nombre, designacion, fecha_nacimiento, pais_origen)
VALUES
('Mark Geiger', 'asistente', '1974-08-25', 'Estados Unidos'),
('Néstor Rossi', 'asistente', '1974-02-17', 'Uruguay'),
('Sander van Roekel', 'asistente', '1974-08-16', 'Países Bajos'),
('Carlos Astroza', 'asistente', '1981-03-11', 'Chile'),
('Taleb Al-Marri', 'asistente', '1977-09-02', 'Qatar'),
('Emerson de Carvalho', 'asistente', '1970-03-18', 'Brasil'),
('Juan Pablo Belatti', 'asistente', '1976-05-11', 'Argentina'),
('Juan Zumba', 'asistente', '1976-10-09', 'Ecuador'),
('Marvin Torrentera', 'asistente', '1972-12-16', 'México'),
('Abdelhak Etchiali', 'asistente', '1972-12-07', 'Argelia'),
('Hussein Bugrein', 'asistente', '1972-07-30', 'Sudán'),
('Evarist Menkouande', 'asistente', '1972-11-11', 'Camerún'),
('Anton Averianov', 'asistente', '1976-08-01', 'Rusia'),
('Bahattin Duran', 'asistente', '1982-08-16', 'Turquía'),
('Alexander Guzmán', 'asistente', '1973-05-23', 'Colombia'),
('Marcelo van Gasse', 'asistente', '1973-12-25', 'Brasil'),
('Rodrigo Correa', 'asistente', '1979-06-16', 'Chile'),
('Diego Bonfá', 'asistente', '1981-06-18', 'Brasil'),
('Igor Demeshko', 'asistente', '1971-10-17', 'Rusia'),
('Mauro Vigliano', 'asistente', '1975-04-16', 'Argentina'),
('Ricardo Montero', 'asistente', '1982-07-29', 'Costa Rica'),
('Christian Schiemann', 'asistente', '1975-07-03', 'Chile'),
('Paweł Gil', 'asistente', '1977-06-28', 'Polonia'),
('Andrés Cunha', 'asistente', '1976-10-30', 'Uruguay'),
('Juan Soto', 'asistente', '1976-10-12', 'Venezuela'),
('Pau Cebrián', 'asistente', '1976-09-05', 'España'),
('Emiliano Diáz', 'asistente', '1980-04-21', 'Paraguay'),
('Hiroshi Yamauchi', 'asistente', '1973-06-08', 'Japón'),
('Toru Sagara', 'asistente', '1976-03-05', 'Japón'),
('Toshiyuki Nagi', 'asistente', '1971-01-18', 'Japón'),
('Mohamed Al-Mazmomi', 'asistente', '1976-04-29', 'Emiratos Árabes Unidos'),
('Khaled Noman', 'asistente', '1978-05-08', 'Omán'),
('Mohammed Abdulla Hassan', 'asistente', '1980-11-15', 'Emiratos Árabes Unidos'),
('Ammar Al-Jeneibi', 'asistente', '1979-06-17', 'Emiratos Árabes Unidos'),
('Roberto Díaz Pérez', 'asistente', '1975-08-22', 'España'),
('César Ramos', 'asistente', '1983-09-10', 'México'),
('Jair Marrufo', 'asistente', '1977-06-07', 'Estados Unidos'),
('Diego Haro', 'asistente', '1982-04-20', 'Perú'),
('Christian Ferreyra', 'asistente', '1973-04-19', 'Uruguay'),
('Sandro Ricci', 'asistente', '1974-11-19', 'Brasil'),
('Felix Zwayer', 'asistente', '1981-05-19', 'Alemania'),
('Anthony Taylor', 'asistente', '1978-10-20', 'Inglaterra'),
('Wilmar Roldán', 'asistente', '1980-01-24', 'Colombia'),
('Daniel Bennett', 'asistente', '1977-08-24', 'Sudáfrica'),
('Artur Dias', 'asistente', '1979-07-16', 'Portugal'),
('Paulo Soares', 'asistente', '1973-12-30', 'Brasil'),
('Erick Miranda', 'asistente', '1977-05-07', 'Chile'),
('Andrés Tola', 'asistente', '1978-02-16', 'Ecuador'),
('Jerson dos Santos', 'asistente', '1978-08-20', 'Brasil'),
('Yoshiro Imamura', 'asistente', '1975-05-22', 'Japón'),
('Hiroshi Yamauchi', 'asistente', '1973-06-08', 'Japón'),
('Kenji Ogiya', 'asistente', '1976-01-28', 'Japón'),
('Hiroshi Kameguchi', 'asistente', '1977-11-30', 'Japón'),
('Yasuro Haki', 'asistente', '1978-09-17', 'Japón'),
('Kenji Suzuki', 'asistente', '1976-12-18', 'Japón'),
('Akihito Toma', 'asistente', '1975-10-25', 'Japón'),
('Hiroyoshi Takayama', 'asistente', '1978-02-12', 'Japón'),
('Takayuki Otsuki', 'asistente', '1977-04-24', 'Japón'),
('Eduardo Cardozo', 'asistente', '1973-11-17', 'Paraguay'),
('Richard Trinidad', 'asistente', '1979-02-26', 'Uruguay'),
('Mauricio Espinosa', 'asistente', '1977-12-17', 'Uruguay'),
('Nicolás Taran', 'asistente', '1975-07-02', 'Uruguay'),
('Miguel Nievas', 'asistente', '1976-02-28', 'Uruguay'),
('Ricardo Casas', 'asistente', '1974-03-14', 'Uruguay'),
('Mauricio Espinosa', 'asistente', '1977-12-17', 'Uruguay'),
('Antonio Arias', 'asistente', '1974-07-25', 'Paraguay'),
('Ricardo Casas', 'asistente', '1974-03-14', 'Uruguay'),
('Héctor Baldassi', 'asistente', '1966-01-05', 'Argentina');


-- 24 VAR --
INSERT INTO personal (nombre, designacion, fecha_nacimiento, pais_origen)
VALUES
('Massimiliano Irrati', 'var', '1979-06-07', 'Italia'),
('Danny Makkelie', 'var', '1983-01-28', 'Países Bajos'),
('Paweł Gil', 'var', '1977-06-28', 'Polonia'),
('Wilmar Roldán', 'var', '1980-01-24', 'Colombia'),
('Felix Zwayer', 'var', '1981-05-19', 'Alemania'),
('Andrés Cunha', 'var', '1976-10-30', 'Uruguay'),
('Mark Geiger', 'var', '1974-08-25', 'Estados Unidos'),
('Artur Soares Dias', 'var', '1979-07-14', 'Portugal'),
('Antonio Mateu Lahoz', 'var', '1978-03-12', 'España'),
('Sandro Ricci', 'var', '1974-11-19', 'Brasil'),
('Cüneyt Çakır', 'var', '1976-11-23', 'Turquía'),
('Ricardo Montero', 'var', '1982-07-29', 'Costa Rica'),
('Mohammed Abdulla Hassan', 'var', '1980-11-15', 'Emiratos Árabes Unidos'),
('Carlos Astroza', 'var', '1981-03-11', 'Chile'),
('Daniele Orsato', 'var', '1975-11-23', 'Italia'),
('Fernando Rapallini', 'var', '1977-05-24', 'Argentina'),
('Christian Ferreyra', 'var', '1973-04-19', 'Uruguay'),
('Rafael Claus', 'var', '1978-01-07', 'Brasil'),
('Ivan Bebek', 'var', '1977-05-30', 'Croacia'),
('Szymon Marciniak', 'var', '1981-01-07', 'Polonia'),
('Mauro Vigliano', 'var', '1975-04-16', 'Argentina'),
('Mohamed Al-Mazmomi', 'var', '1976-04-29', 'Emiratos Árabes Unidos'),
('Diego Haro', 'var', '1982-04-20', 'Perú'),
('Anthony Taylor', 'var', '1978-10-20', 'Inglaterra');

-- Fase de grupos --
INSERT INTO fase_grupos (grupo, nombre_equipo, partidos, diferencia_goles, puntos) VALUES ('A', 'Argentina', 3, 0, 0);
INSERT INTO fase_grupos (grupo, nombre_equipo, partidos, diferencia_goles, puntos) VALUES ('A', 'Brasil', 3, 0, 0);
INSERT INTO fase_grupos (grupo, nombre_equipo, partidos, diferencia_goles, puntos) VALUES ('A', 'Francia', 3, 0, 0);
INSERT INTO fase_grupos (grupo, nombre_equipo, partidos, diferencia_goles, puntos) VALUES ('A', 'Alemania', 3, 0, 0);

INSERT INTO fase_grupos (grupo, nombre_equipo, partidos, diferencia_goles, puntos) VALUES ('B', 'España', 3, 0, 0);
INSERT INTO fase_grupos (grupo, nombre_equipo, partidos, diferencia_goles, puntos) VALUES ('B', 'Italia', 3, 0, 0);
INSERT INTO fase_grupos (grupo, nombre_equipo, partidos, diferencia_goles, puntos) VALUES ('B', 'Inglaterra', 3, 0, 0);
INSERT INTO fase_grupos (grupo, nombre_equipo, partidos, diferencia_goles, puntos) VALUES ('B', 'Uruguay', 3, 0, 0);

INSERT INTO fase_grupos (grupo, nombre_equipo, partidos, diferencia_goles, puntos) VALUES ('C', 'Países Bajos', 3, 0, 0);
INSERT INTO fase_grupos (grupo, nombre_equipo, partidos, diferencia_goles, puntos) VALUES ('C', 'Bélgica', 3, 0, 0);
INSERT INTO fase_grupos (grupo, nombre_equipo, partidos, diferencia_goles, puntos) VALUES ('C', 'Croacia', 3, 0, 0);
INSERT INTO fase_grupos (grupo, nombre_equipo, partidos, diferencia_goles, puntos) VALUES ('C', 'Portugal', 3, 0, 0);

INSERT INTO fase_grupos (grupo, nombre_equipo, partidos, diferencia_goles, puntos) VALUES ('D', 'Dinamarca', 3, 0, 0);
INSERT INTO fase_grupos (grupo, nombre_equipo, partidos, diferencia_goles, puntos) VALUES ('D', 'Suiza', 3, 0, 0);
INSERT INTO fase_grupos (grupo, nombre_equipo, partidos, diferencia_goles, puntos) VALUES ('D', 'Colombia', 3, 0, 0);
INSERT INTO fase_grupos (grupo, nombre_equipo, partidos, diferencia_goles, puntos) VALUES ('D', 'México', 3, 0, 0);

INSERT INTO fase_grupos (grupo, nombre_equipo, partidos, diferencia_goles, puntos) VALUES ('E', 'Estados Unidos', 3, 0, 0);
INSERT INTO fase_grupos (grupo, nombre_equipo, partidos, diferencia_goles, puntos) VALUES ('E', 'Chile', 3, 0, 0);
INSERT INTO fase_grupos (grupo, nombre_equipo, partidos, diferencia_goles, puntos) VALUES ('E', 'Suecia', 3, 0, 0);
INSERT INTO fase_grupos (grupo, nombre_equipo, partidos, diferencia_goles, puntos) VALUES ('E', 'Polonia', 3, 0, 0);

INSERT INTO fase_grupos (grupo, nombre_equipo, partidos, diferencia_goles, puntos) VALUES ('F', 'Serbia', 3, 0, 0);
INSERT INTO fase_grupos (grupo, nombre_equipo, partidos, diferencia_goles, puntos) VALUES ('F', 'Rusia', 3, 0, 0);
INSERT INTO fase_grupos (grupo, nombre_equipo, partidos, diferencia_goles, puntos) VALUES ('F', 'Corea del Sur', 3, 0, 0);
INSERT INTO fase_grupos (grupo, nombre_equipo, partidos, diferencia_goles, puntos) VALUES ('F', 'Japón', 3, 0, 0);

INSERT INTO fase_grupos (grupo, nombre_equipo, partidos, diferencia_goles, puntos) VALUES ('G', 'Australia', 3, 0, 0);
INSERT INTO fase_grupos (grupo, nombre_equipo, partidos, diferencia_goles, puntos) VALUES ('G', 'Senegal', 3, 0, 0);
INSERT INTO fase_grupos (grupo, nombre_equipo, partidos, diferencia_goles, puntos) VALUES ('G', 'Nigeria', 3, 0, 0);
INSERT INTO fase_grupos (grupo, nombre_equipo, partidos, diferencia_goles, puntos) VALUES ('G', 'Ghana', 3, 0, 0);

INSERT INTO fase_grupos (grupo, nombre_equipo, partidos, diferencia_goles, puntos) VALUES ('H', 'Marruecos', 3, 0, 0);
INSERT INTO fase_grupos (grupo, nombre_equipo, partidos, diferencia_goles, puntos) VALUES ('H', 'Irán', 3, 0, 0);
INSERT INTO fase_grupos (grupo, nombre_equipo, partidos, diferencia_goles, puntos) VALUES ('H', 'Arabia Saudita', 3, 0, 0);
INSERT INTO fase_grupos (grupo, nombre_equipo, partidos, diferencia_goles, puntos) VALUES ('H', 'Egipto', 3, 0, 0);
